"EA-Type"	"EA-Package"	"EA-Name"	"EA-GUID"	"EA-Parent"	"EA-Domain"	"EA-Domain-GUID"	"EA-Range"	"label"	"definition"	"usage"	"label-nl"	"definition-nl"	"usageNote-nl"	"label-en"	"definition-en"	"usageNote-en"	"equivalent"	"subclass"	"subclass1"	"sameAs"	"external term"	"namespace"	"localname"	"type"	"domain"	"range"	"parent"	"min card"	"max card"
"Package"	""	"OSLO-Proefenmeting"	"{77E135D6-1419-453f-8D52-952CBA34A05C}"	""	""	""	""	""	""	""	""	""	""	""	""	""	""	""	""	""	""	"https://wegenenverkeer-test.data.vlaanderen.be/ns/"	"proefenmeting"	"http://www.w3.org/2002/07/owl#Ontology"	""	""	""	""	""
"CLASS"	"OSLO-Proefenmeting"	"ProefStroefheid"	"{5841805D-D6E7-4412-A034-3BEADAB3458B}"	""	""	""	""	"Proef stroefheid"	"Het vermogen van een wegdek om door voertuigbanden tangentieel uitgeoefende krachten (bij het nemen van bochten,afremmen of optrekken) te compenseren door even grote wrijvingskrachten."	""	"Proef stroefheid"	"Het vermogen van een wegdek om door voertuigbanden tangentieel uitgeoefende krachten (bij het nemen van bochten,afremmen of optrekken) te compenseren door even grote wrijvingskrachten."	""	""	""	""	""	""	""	""	"false"	"https://wegenenverkeer-test.data.vlaanderen.be/ns/proefenmeting#"	"ProefStroefheid"	"http://www.w3.org/2000/01/rdf-schema#Class"	""	""	"https://wegenenverkeer-test.data.vlaanderen.be/ns/abstracten#Proef"	""	""
"CLASS"	"OSLO-Proefenmeting"	"ProefDraineervermogen"	"{5E058377-C500-42c4-B861-C206367F4380}"	""	""	""	""	"Proef draineervermogen"	"Controle van de waterdoorlatendheid van een open verharding."	""	"Proef draineervermogen"	"Controle van de waterdoorlatendheid van een open verharding."	""	""	""	""	""	""	""	""	"false"	"https://wegenenverkeer-test.data.vlaanderen.be/ns/proefenmeting#"	"ProefDraineervermogen"	"http://www.w3.org/2000/01/rdf-schema#Class"	""	""	"https://wegenenverkeer-test.data.vlaanderen.be/ns/abstracten#Proef"	""	""
"CLASS"	"OSLO-Proefenmeting"	"ProefZichtbaarheidBijDagOfWV"	"{D70EF271-FA02-4c81-B1CF-DC130868DA10}"	""	""	""	""	"Proef zichtbaarheid bij dag of wegverlichting"	"Bepaling van de luminantiecoëfficiënt bij diffuse verlichting van een gemarkeerd oppervlak (Qd) bij daglicht of onder openbare verlichting."	""	"Proef zichtbaarheid bij dag of wegverlichting"	"Bepaling van de luminantiecoëfficiënt bij diffuse verlichting van een gemarkeerd oppervlak (Qd) bij daglicht of onder openbare verlichting."	""	""	""	""	""	""	""	""	"false"	"https://wegenenverkeer-test.data.vlaanderen.be/ns/proefenmeting#"	"ProefZichtbaarheidBijDagOfWV"	"http://www.w3.org/2000/01/rdf-schema#Class"	""	""	"https://wegenenverkeer-test.data.vlaanderen.be/ns/abstracten#Proef"	""	""
"CLASS"	"OSLO-Proefenmeting"	"ProefDruksterkte"	"{6EAEF81D-D119-4daf-84E8-D8EBD6B197CA}"	""	""	""	""	"Proef druksterkte"	"De spanning waarbij het materiaal van de laag onder invloed van (druk)belasting bezwijkt."	""	"Proef druksterkte"	"De spanning waarbij het materiaal van de laag onder invloed van (druk)belasting bezwijkt."	""	""	""	""	""	""	""	""	"false"	"https://wegenenverkeer-test.data.vlaanderen.be/ns/proefenmeting#"	"ProefDruksterkte"	"http://www.w3.org/2000/01/rdf-schema#Class"	""	""	"https://wegenenverkeer-test.data.vlaanderen.be/ns/abstracten#Proef"	""	""
"CLASS"	"OSLO-Proefenmeting"	"ProefSchokindexMVP"	"{4FA601B7-AE2C-48bb-A088-C525AF41843C}"	""	""	""	""	"Proef schokindex motorvangplank"	"Proef voor de bepaling van de schokindex parameter van de motorvangplank."	""	"Proef schokindex motorvangplank"	"Proef voor de bepaling van de schokindex parameter van de motorvangplank."	""	""	""	""	""	""	""	""	"false"	"https://wegenenverkeer-test.data.vlaanderen.be/ns/proefenmeting#"	"ProefSchokindexMVP"	"http://www.w3.org/2000/01/rdf-schema#Class"	""	""	"https://wegenenverkeer-test.data.vlaanderen.be/ns/abstracten#Proef"	""	""
"CLASS"	"OSLO-Proefenmeting"	"ProefGaafheid"	"{E7603A7B-6DCF-4dba-A048-886BA4FA9D97}"	""	""	""	""	"Proef gaafheid"	"Controle van het lijnvormig element op de ongeschondenheid,volledigheid en zuiverheid."	""	"Proef gaafheid"	"Controle van het lijnvormig element op de ongeschondenheid,volledigheid en zuiverheid."	""	""	""	""	""	""	""	""	"false"	"https://wegenenverkeer-test.data.vlaanderen.be/ns/proefenmeting#"	"ProefGaafheid"	"http://www.w3.org/2000/01/rdf-schema#Class"	""	""	"https://wegenenverkeer-test.data.vlaanderen.be/ns/abstracten#Proef"	""	""
"CLASS"	"OSLO-Proefenmeting"	"ProefLuchtdichtheid"	"{4A924F29-03F6-4889-B4D0-A06C6039D6E8}"	""	""	""	""	"Proef luchtdichtheid"	"Testen van de drukval van het beproefde leidingsvak."	""	"Proef luchtdichtheid"	"Testen van de drukval van het beproefde leidingsvak."	""	""	""	""	""	""	""	""	"false"	"https://wegenenverkeer-test.data.vlaanderen.be/ns/proefenmeting#"	"ProefLuchtdichtheid"	"http://www.w3.org/2000/01/rdf-schema#Class"	""	""	"https://wegenenverkeer-test.data.vlaanderen.be/ns/abstracten#Proef"	""	""
"CLASS"	"OSLO-Proefenmeting"	"ProefLuminantie"	"{5230387C-B0A6-4882-B657-20F53FDD70B4}"	""	""	""	""	"Proef luminantie"	"Bij gebrek aan Qd-meting kan de luminantiefactor ß van wegmarkeringen gebruikt worden om het contrast met het wegdek en bijgevolg de dagzichtbaarheid te bepalen."	""	"Proef luminantie"	"Bij gebrek aan Qd-meting kan de luminantiefactor ß van wegmarkeringen gebruikt worden om het contrast met het wegdek en bijgevolg de dagzichtbaarheid te bepalen."	""	""	""	""	""	""	""	""	"false"	"https://wegenenverkeer-test.data.vlaanderen.be/ns/proefenmeting#"	"ProefLuminantie"	"http://www.w3.org/2000/01/rdf-schema#Class"	""	""	"https://wegenenverkeer-test.data.vlaanderen.be/ns/abstracten#Proef"	""	""
"CLASS"	"OSLO-Proefenmeting"	"ProefDoorlatendheid"	"{71431722-A81A-4edf-B654-5AD344BC81DA}"	""	""	""	""	"Proef doorlatendheid"	"De controle van de doorlatendheid van het oppervlak met behulp van de dubbele ringmethode."	""	"Proef doorlatendheid"	"De controle van de doorlatendheid van het oppervlak met behulp van de dubbele ringmethode."	""	""	""	""	""	""	""	""	"false"	"https://wegenenverkeer-test.data.vlaanderen.be/ns/proefenmeting#"	"ProefDoorlatendheid"	"http://www.w3.org/2000/01/rdf-schema#Class"	""	""	"https://wegenenverkeer-test.data.vlaanderen.be/ns/abstracten#Proef"	""	""
"CLASS"	"OSLO-Proefenmeting"	"ProefLangsvlakheid"	"{7CB5CAA5-43C0-41f6-85CA-459671469F31}"	""	""	""	""	"Proef langsvlakheid"	"De controle van de langsvlakheid nieuwe verhardingen bij verschillende golflengten"	""	"Proef langsvlakheid"	"De controle van de langsvlakheid nieuwe verhardingen bij verschillende golflengten"	""	""	""	""	""	""	""	""	"false"	"https://wegenenverkeer-test.data.vlaanderen.be/ns/proefenmeting#"	"ProefLangsvlakheid"	"http://www.w3.org/2000/01/rdf-schema#Class"	""	""	"https://wegenenverkeer-test.data.vlaanderen.be/ns/abstracten#Proef"	""	""
"CLASS"	"OSLO-Proefenmeting"	"ProefMortelkwaliteit"	"{549C9BC1-BFA1-4288-92E3-602ABDA2EA58}"	""	""	""	""	"Proef mortelkwaliteit"	"Controle van de sterkte van voegmortel."	""	"Proef mortelkwaliteit"	"Controle van de sterkte van voegmortel."	""	""	""	""	""	""	""	""	"false"	"https://wegenenverkeer-test.data.vlaanderen.be/ns/proefenmeting#"	"ProefMortelkwaliteit"	"http://www.w3.org/2000/01/rdf-schema#Class"	""	""	"https://wegenenverkeer-test.data.vlaanderen.be/ns/abstracten#Proef"	""	""
"CLASS"	"OSLO-Proefenmeting"	"ProefSchokindex"	"{350B29C4-AB54-4f57-8A4B-E428FCC50613}"	""	""	""	""	"Proef schokindex"	"Proef voor de bepaling van de schokindex parameter."	""	"Proef schokindex"	"Proef voor de bepaling van de schokindex parameter."	""	""	""	""	""	""	""	""	"false"	"https://wegenenverkeer-test.data.vlaanderen.be/ns/proefenmeting#"	"ProefSchokindex"	"http://www.w3.org/2000/01/rdf-schema#Class"	""	""	"https://wegenenverkeer-test.data.vlaanderen.be/ns/abstracten#Proef"	""	""
"CLASS"	"OSLO-Proefenmeting"	"ProefWaterdichtheid"	"{04B940F0-4C55-485e-96EF-C1929A464C0D}"	""	""	""	""	"Proef waterdichtheid"	"Testen van het waterverlies van het beproefde leidingsvak."	""	"Proef waterdichtheid"	"Testen van het waterverlies van het beproefde leidingsvak."	""	""	""	""	""	""	""	""	"false"	"https://wegenenverkeer-test.data.vlaanderen.be/ns/proefenmeting#"	"ProefWaterdichtheid"	"http://www.w3.org/2000/01/rdf-schema#Class"	""	""	"https://wegenenverkeer-test.data.vlaanderen.be/ns/abstracten#Proef"	""	""
"CLASS"	"OSLO-Proefenmeting"	"ProefWateropslorping"	"{D75320F6-AF6C-4753-9EA4-F2B82918E689}"	""	""	""	""	"Proef wateropslorping"	"Proef waarbij de compactheid of poreusheid van het proefstuk door onderdompeling wordt bepaald."	""	"Proef wateropslorping"	"Proef waarbij de compactheid of poreusheid van het proefstuk door onderdompeling wordt bepaald."	""	""	""	""	""	""	""	""	"false"	"https://wegenenverkeer-test.data.vlaanderen.be/ns/proefenmeting#"	"ProefWateropslorping"	"http://www.w3.org/2000/01/rdf-schema#Class"	""	""	"https://wegenenverkeer-test.data.vlaanderen.be/ns/abstracten#Proef"	""	""
"CLASS"	"OSLO-Proefenmeting"	"ProefTemperatuur"	"{4717ED22-EDB4-4247-824F-5C1D34BCE041}"	""	""	""	""	"Proef temperatuur"	"Controle van de temperatuur van een asfaltmengsel."	""	"Proef temperatuur"	"Controle van de temperatuur van een asfaltmengsel."	""	""	""	""	""	""	""	""	"false"	"https://wegenenverkeer-test.data.vlaanderen.be/ns/proefenmeting#"	"ProefTemperatuur"	"http://www.w3.org/2000/01/rdf-schema#Class"	""	""	"https://wegenenverkeer-test.data.vlaanderen.be/ns/abstracten#Proef"	""	""
"CLASS"	"OSLO-Proefenmeting"	"ProefRolgeluid"	"{8628D871-4AE2-4582-AF12-75A80561757C}"	""	""	""	""	"Proef rolgeluid"	"Het rolgeluid wordt gemeten met de CPX-methode volgens ISO/CEN 11819-2."	""	"Proef rolgeluid"	"Het rolgeluid wordt gemeten met de CPX-methode volgens ISO/CEN 11819-2."	""	""	""	""	""	""	""	""	"false"	"https://wegenenverkeer-test.data.vlaanderen.be/ns/proefenmeting#"	"ProefRolgeluid"	"http://www.w3.org/2000/01/rdf-schema#Class"	""	""	"https://wegenenverkeer-test.data.vlaanderen.be/ns/abstracten#Proef"	""	""
"CLASS"	"OSLO-Proefenmeting"	"ProefVoertuigOverhelling"	"{60C69807-2E65-4bf8-B541-708063715CF4}"	""	""	""	""	"Proef voertuig overhelling"	"Proef om de overhelling over de bebakening van het voertuig te bepalen bij impact."	""	"Proef voertuig overhelling"	"Proef om de overhelling over de bebakening van het voertuig te bepalen bij impact."	""	""	""	""	""	""	""	""	"false"	"https://wegenenverkeer-test.data.vlaanderen.be/ns/proefenmeting#"	"ProefVoertuigOverhelling"	"http://www.w3.org/2000/01/rdf-schema#Class"	""	""	"https://wegenenverkeer-test.data.vlaanderen.be/ns/abstracten#Proef"	""	""
"CLASS"	"OSLO-Proefenmeting"	"ProefVerankeringskracht"	"{DF2347EC-A207-47fb-8B50-235A905E02C5}"	""	""	""	""	"Proef verankeringskracht"	"Een trekproef in situ om de verankering van de ankerstaven in een betonverharding te testen."	""	"Proef verankeringskracht"	"Een trekproef in situ om de verankering van de ankerstaven in een betonverharding te testen."	""	""	""	""	""	""	""	""	"false"	"https://wegenenverkeer-test.data.vlaanderen.be/ns/proefenmeting#"	"ProefVerankeringskracht"	"http://www.w3.org/2000/01/rdf-schema#Class"	""	""	"https://wegenenverkeer-test.data.vlaanderen.be/ns/abstracten#Proef"	""	""
"CLASS"	"OSLO-Proefenmeting"	"ProefBoomtoestand"	"{6DBD4713-8F88-4e27-9065-F9273B910BC7}"	""	""	""	""	"Boomtoestand"	"De toestand met waarnemingen per inspectie van een boom."	""	"Boomtoestand"	"De toestand met waarnemingen per inspectie van een boom."	""	""	""	""	""	""	""	""	"false"	"https://wegenenverkeer-test.data.vlaanderen.be/ns/proefenmeting#"	"ProefBoomtoestand"	"http://www.w3.org/2000/01/rdf-schema#Class"	""	""	"https://wegenenverkeer-test.data.vlaanderen.be/ns/abstracten#Proef"	""	""
"CLASS"	"OSLO-Proefenmeting"	"ProefPerformantieniveau"	"{64D1ED4B-C798-4c93-8F4C-5C1744923499}"	""	""	""	""	"Proef performantieniveau"	"Bepaling van het performantieniveau."	""	"Proef performantieniveau"	"Bepaling van het performantieniveau."	""	""	""	""	""	""	""	""	"false"	"https://wegenenverkeer-test.data.vlaanderen.be/ns/proefenmeting#"	"ProefPerformantieniveau"	"http://www.w3.org/2000/01/rdf-schema#Class"	""	""	"https://wegenenverkeer-test.data.vlaanderen.be/ns/abstracten#Proef"	""	""
"CLASS"	"OSLO-Proefenmeting"	"ProefStaalvezelgehalte"	"{51CD2C90-E704-46b9-98E9-F921622D4200}"	""	""	""	""	"Proef staalvezelgehalte"	"Bepaling van de hoeveelheid staalvezels in de cementbetonverharding."	""	"Proef staalvezelgehalte"	"Bepaling van de hoeveelheid staalvezels in de cementbetonverharding."	""	""	""	""	""	""	""	""	"false"	"https://wegenenverkeer-test.data.vlaanderen.be/ns/proefenmeting#"	"ProefStaalvezelgehalte"	"http://www.w3.org/2000/01/rdf-schema#Class"	""	""	"https://wegenenverkeer-test.data.vlaanderen.be/ns/abstracten#Proef"	""	""
"CLASS"	"OSLO-Proefenmeting"	"ProefPerformantieklasse"	"{628C88A9-E3F2-46fc-89B2-99F2CB0779B3}"	""	""	""	""	"Proef perfomantieklasse"	"Proef die de performantie (bij impact) bepaalt."	""	"Proef perfomantieklasse"	"Proef die de performantie (bij impact) bepaalt."	""	""	""	""	""	""	""	""	"false"	"https://wegenenverkeer-test.data.vlaanderen.be/ns/proefenmeting#"	"ProefPerformantieklasse"	"http://www.w3.org/2000/01/rdf-schema#Class"	""	""	"https://wegenenverkeer-test.data.vlaanderen.be/ns/abstracten#Proef"	""	""
"CLASS"	"OSLO-Proefenmeting"	"ProefWatergehalte"	"{C14CE256-AE0B-41ab-9C54-E95CA62F93EC}"	""	""	""	""	"Proef watergehalte"	"Bepaling van de hoeveelheid water die opgenomen kan worden in een betonverharding."	""	"Proef watergehalte"	"Bepaling van de hoeveelheid water die opgenomen kan worden in een betonverharding."	""	""	""	""	""	""	""	""	"false"	"https://wegenenverkeer-test.data.vlaanderen.be/ns/proefenmeting#"	"ProefWatergehalte"	"http://www.w3.org/2000/01/rdf-schema#Class"	""	""	"https://wegenenverkeer-test.data.vlaanderen.be/ns/abstracten#Proef"	""	""
"CLASS"	"OSLO-Proefenmeting"	"ProefConsistentie"	"{DB49C2D1-6211-4907-B4C1-F5B401068E7E}"	""	""	""	""	"Proef consistentie"	"Zetmaat van betonspecie volgens NBN EN 12350-2 bij een cementbetonverharding of een lijnvormig element."	""	"Proef consistentie"	"Zetmaat van betonspecie volgens NBN EN 12350-2 bij een cementbetonverharding of een lijnvormig element."	""	""	""	""	""	""	""	""	"false"	"https://wegenenverkeer-test.data.vlaanderen.be/ns/proefenmeting#"	"ProefConsistentie"	"http://www.w3.org/2000/01/rdf-schema#Class"	""	""	"https://wegenenverkeer-test.data.vlaanderen.be/ns/abstracten#Proef"	""	""
"CLASS"	"OSLO-Proefenmeting"	"ProefDraagvermogen"	"{6BF4AAD1-1AC0-42b2-83C1-0EE160D2D01C}"	""	""	""	""	"Proef draagvermogen"	"Controle van de verdichting van de ondergrond of van een funderingslaag."	""	"Proef draagvermogen"	"Controle van de verdichting van de ondergrond of van een funderingslaag."	""	""	""	""	""	""	""	""	"false"	"https://wegenenverkeer-test.data.vlaanderen.be/ns/proefenmeting#"	"ProefDraagvermogen"	"http://www.w3.org/2000/01/rdf-schema#Class"	""	""	"https://wegenenverkeer-test.data.vlaanderen.be/ns/abstracten#Proef"	""	""
"CLASS"	"OSLO-Proefenmeting"	"ProefKorrelverdeling"	"{1682D8C3-21D6-4065-BAF9-B350FCF1FACE}"	""	""	""	""	"Proef korrelverdeling"	"Bepaling van de doorval door een reeks zeven van een granulaatmengsel volgens NBN EN 933-1."	""	"Proef korrelverdeling"	"Bepaling van de doorval door een reeks zeven van een granulaatmengsel volgens NBN EN 933-1."	""	""	""	""	""	""	""	""	"false"	"https://wegenenverkeer-test.data.vlaanderen.be/ns/proefenmeting#"	"ProefKorrelverdeling"	"http://www.w3.org/2000/01/rdf-schema#Class"	""	""	"https://wegenenverkeer-test.data.vlaanderen.be/ns/abstracten#Proef"	""	""
"CLASS"	"OSLO-Proefenmeting"	"ProefLuchtgehalte"	"{E2E8B24B-1F29-41e3-9685-4D1F1B8270F2}"	""	""	""	""	"Proef luchtgehalte"	"Proef die de hoeveelheid lucht bepaalt  in vers beton met de drukmethode volgens NBN EN 12350-7."	""	"Proef luchtgehalte"	"Proef die de hoeveelheid lucht bepaalt  in vers beton met de drukmethode volgens NBN EN 12350-7."	""	""	""	""	""	""	""	""	"false"	"https://wegenenverkeer-test.data.vlaanderen.be/ns/proefenmeting#"	"ProefLuchtgehalte"	"http://www.w3.org/2000/01/rdf-schema#Class"	""	""	"https://wegenenverkeer-test.data.vlaanderen.be/ns/abstracten#Proef"	""	""
"CLASS"	"OSLO-Proefenmeting"	"ProefBindmiddeldosering"	"{6C95A2C4-C3A7-4e7e-B747-5C7F1F6C144B}"	""	""	""	""	"Proef bindmiddeldosering"	"Proef om de hoeveelheid bindmiddel te bepalen die nodig is om de grond als funderingslaag te garanderen."	""	"Proef bindmiddeldosering"	"Proef om de hoeveelheid bindmiddel te bepalen die nodig is om de grond als funderingslaag te garanderen."	""	""	""	""	""	""	""	""	"false"	"https://wegenenverkeer-test.data.vlaanderen.be/ns/proefenmeting#"	"ProefBindmiddeldosering"	"http://www.w3.org/2000/01/rdf-schema#Class"	""	""	"https://wegenenverkeer-test.data.vlaanderen.be/ns/abstracten#Proef"	""	""
"CLASS"	"OSLO-Proefenmeting"	"ProefPctHolleruimte"	"{C5B807D9-654B-4609-AB68-99147CB4DB03}"	""	""	""	""	"Proef procent holle ruimte"	"Proef om het percentage holle ruimte in een bitumineuze laag te bepalen."	""	"Proef procent holle ruimte"	"Proef om het percentage holle ruimte in een bitumineuze laag te bepalen."	""	""	""	""	""	""	""	""	"false"	"https://wegenenverkeer-test.data.vlaanderen.be/ns/proefenmeting#"	"ProefPctHolleruimte"	"http://www.w3.org/2000/01/rdf-schema#Class"	""	""	"https://wegenenverkeer-test.data.vlaanderen.be/ns/abstracten#Proef"	""	""
"CLASS"	"OSLO-Proefenmeting"	"ProefHechtsterkte"	"{E08A0CD9-D98C-4d5b-8E74-4D5E5D996AF3}"	""	""	""	""	"Proef hechtsterkte"	"Het resultaat van de trekproef waarbij een proefstuk wordt blootgesteld aan een stijgende spanning tot er een breuk optreedt."	""	"Proef hechtsterkte"	"Het resultaat van de trekproef waarbij een proefstuk wordt blootgesteld aan een stijgende spanning tot er een breuk optreedt."	""	""	""	""	""	""	""	""	"false"	"https://wegenenverkeer-test.data.vlaanderen.be/ns/proefenmeting#"	"ProefHechtsterkte"	"http://www.w3.org/2000/01/rdf-schema#Class"	""	""	"https://wegenenverkeer-test.data.vlaanderen.be/ns/abstracten#Proef"	""	""
"CLASS"	"OSLO-Proefenmeting"	"ProefVerderOnderzoekTrekproef"	"{3B540B1F-B7AF-44a6-B868-027208385988}"	""	""	""	""	"Proef verder onderzoek trekproef"	"Een trekproef is een manier om nader te onderzoeken hoe het met de veiligheid van een (aangetaste of beschadigde) boom gesteld is. Door met een lier effectief aan een boom te trekken wordt de belasting bij storm in een model gegoten en getest."	""	"Proef verder onderzoek trekproef"	"Een trekproef is een manier om nader te onderzoeken hoe het met de veiligheid van een (aangetaste of beschadigde) boom gesteld is. Door met een lier effectief aan een boom te trekken wordt de belasting bij storm in een model gegoten en getest."	""	""	""	""	""	""	""	""	"false"	"https://wegenenverkeer-test.data.vlaanderen.be/ns/proefenmeting#"	"ProefVerderOnderzoekTrekproef"	"http://www.w3.org/2000/01/rdf-schema#Class"	""	""	"https://wegenenverkeer-test.data.vlaanderen.be/ns/abstracten#Proef"	""	""
"CLASS"	"OSLO-Proefenmeting"	"ProefNaderOnderzoekTomograaf"	"{85119C3B-1DD7-41e8-B1F4-C95245FCAB5B}"	""	""	""	""	"Proef nader onderzoek tomograaf"	"Een geluids- en/of elektrische weerstandstomografie is een niet-destructieve methode om rot en holtes in bomen op te sporen door gebruik van geluidsgolven en/of elektrische stroom."	""	"Proef nader onderzoek tomograaf"	"Een geluids- en/of elektrische weerstandstomografie is een niet-destructieve methode om rot en holtes in bomen op te sporen door gebruik van geluidsgolven en/of elektrische stroom."	""	""	""	""	""	""	""	""	"false"	"https://wegenenverkeer-test.data.vlaanderen.be/ns/proefenmeting#"	"ProefNaderOnderzoekTomograaf"	"http://www.w3.org/2000/01/rdf-schema#Class"	""	""	"https://wegenenverkeer-test.data.vlaanderen.be/ns/abstracten#Proef"	""	""
"CLASS"	"OSLO-Proefenmeting"	"ProefZichtbaarheidBijNacht"	"{641FB5EE-15DF-47e7-8FF7-B23D6B4592BB}"	""	""	""	""	"Proef zichtbaarheid bij nacht"	"Bepaling van het retroreflecterend vermogen van een markering bij nacht."	""	"Proef zichtbaarheid bij nacht"	"Bepaling van het retroreflecterend vermogen van een markering bij nacht."	""	""	""	""	""	""	""	""	"false"	"https://wegenenverkeer-test.data.vlaanderen.be/ns/proefenmeting#"	"ProefZichtbaarheidBijNacht"	"http://www.w3.org/2000/01/rdf-schema#Class"	""	""	"https://wegenenverkeer-test.data.vlaanderen.be/ns/abstracten#Proef"	""	""
"CLASS"	"OSLO-Proefenmeting"	"ProefRetroreflectie"	"{491B1F72-3340-4304-AEA0-66CFCF85C42F}"	""	""	""	""	"Proef retroreflectie"	"Het bepalen van de retroreflectiecoëfficiënt via een manuele retroreflectometer of via labotesten."	""	"Proef retroreflectie"	"Het bepalen van de retroreflectiecoëfficiënt via een manuele retroreflectometer of via labotesten."	""	""	""	""	""	""	""	""	"false"	"https://wegenenverkeer-test.data.vlaanderen.be/ns/proefenmeting#"	"ProefRetroreflectie"	"http://www.w3.org/2000/01/rdf-schema#Class"	""	""	"https://wegenenverkeer-test.data.vlaanderen.be/ns/abstracten#Proef"	""	""
"DATATYPE"	"OSLO-Proefenmeting"	"DtcGeluidstestRapport"	"{CD04400F-41E2-4c89-ADD9-31FEE3EAB3D1}"	""	""	""	""	"Geluidstest rapport"	"Complex datatype voor een verslag dat de resultaten van de geluidsmetingen weergeeft."	""	"Geluidstest rapport"	"Complex datatype voor een verslag dat de resultaten van de geluidsmetingen weergeeft."	""	""	""	""	""	""	""	""	"false"	"https://wegenenverkeer-test.data.vlaanderen.be/ns/proefenmeting#"	"DtcGeluidstestRapport"	"http://www.w3.org/2000/01/rdf-schema#Class"	""	""	""	""	""
"CLASS"	"OSLO-Proefenmeting"	"ProefGeluidstest"	"{F1BE0824-2DE0-4592-88C1-172E6A45D55A}"	""	""	""	""	"Proef geluidstest"	"Test van het geluidsscherm op oa. luchtgeluidsisolatie,geluidsabsorptie,e.d."	""	"Proef geluidstest"	"Test van het geluidsscherm op oa. luchtgeluidsisolatie,geluidsabsorptie,e.d."	""	""	""	""	""	""	""	""	"false"	"https://wegenenverkeer-test.data.vlaanderen.be/ns/proefenmeting#"	"ProefGeluidstest"	"http://www.w3.org/2000/01/rdf-schema#Class"	""	""	"https://wegenenverkeer-test.data.vlaanderen.be/ns/abstracten#Proef"	""	""
"CLASS"	"OSLO-Proefenmeting"	"ProefTextuurdiepte"	"{CF057988-EDF4-4d2b-84BB-44089BF1A161}"	""	""	""	""	"Proef textuurdiepte"	"Bepaling van de uitwasdiepte van de verharding na een oppervlaktebehandeling volgens NBN EN ISO 13473-1."	""	"Proef textuurdiepte"	"Bepaling van de uitwasdiepte van de verharding na een oppervlaktebehandeling volgens NBN EN ISO 13473-1."	""	""	""	""	""	""	""	""	"false"	"https://wegenenverkeer-test.data.vlaanderen.be/ns/proefenmeting#"	"ProefTextuurdiepte"	"http://www.w3.org/2000/01/rdf-schema#Class"	""	""	"https://wegenenverkeer-test.data.vlaanderen.be/ns/abstracten#Proef"	""	""
"CLASS"	"OSLO-Proefenmeting"	"ProefZichtbaarheidBijNachtNatWegdek"	"{62ABAB02-96E5-4c6a-A5E7-53E355D881E4}"	""	""	""	""	"Proef zichtbaarheid bij nacht bij nat wegdek"	"Bepaling van het retroreflecterend vermogen van een markering bij nacht bij nat wegdek."	""	"Proef zichtbaarheid bij nacht bij nat wegdek"	"Bepaling van het retroreflecterend vermogen van een markering bij nacht bij nat wegdek."	""	""	""	""	""	""	""	""	"false"	"https://wegenenverkeer-test.data.vlaanderen.be/ns/proefenmeting#"	"ProefZichtbaarheidBijNachtNatWegdek"	"http://www.w3.org/2000/01/rdf-schema#Class"	""	""	"https://wegenenverkeer-test.data.vlaanderen.be/ns/abstracten#Proef"	""	""
"CLASS"	"OSLO-Proefenmeting"	"ProefKerendVermogen"	"{D1C930BD-0693-482f-963A-006321D2D0E3}"	""	""	""	""	"Proef kerend vermogen"	"Proef om het vermogen van een voertuigkering te bepalen om een doorbraak bij een bepaald type crash te voorkomen."	""	"Proef kerend vermogen"	"Proef om het vermogen van een voertuigkering te bepalen om een doorbraak bij een bepaald type crash te voorkomen."	""	""	""	""	""	""	""	""	"false"	"https://wegenenverkeer-test.data.vlaanderen.be/ns/proefenmeting#"	"ProefKerendVermogen"	"http://www.w3.org/2000/01/rdf-schema#Class"	""	""	"https://wegenenverkeer-test.data.vlaanderen.be/ns/abstracten#Proef"	""	""
"CLASS"	"OSLO-Proefenmeting"	"ProefEffectiefBindmiddelgehalte"	"{0D0F2C17-5E6E-43d8-97C1-37A87C359183}"	""	""	""	""	"Proef effectief bindmiddelgehalte"	"Bepaling van de hoeveelheid bitumen,uitgedrukt t.o.v. het totale mengsel."	""	"Proef effectief bindmiddelgehalte"	"Bepaling van de hoeveelheid bitumen,uitgedrukt t.o.v. het totale mengsel."	""	""	""	""	""	""	""	""	"false"	"https://wegenenverkeer-test.data.vlaanderen.be/ns/proefenmeting#"	"ProefEffectiefBindmiddelgehalte"	"http://www.w3.org/2000/01/rdf-schema#Class"	""	""	"https://wegenenverkeer-test.data.vlaanderen.be/ns/abstracten#Proef"	""	""
"CLASS"	"OSLO-Proefenmeting"	"ProefGrondkarakteristieken"	"{3615AD87-9179-43f6-95D7-F59278C0B916}"	""	""	""	""	"Proef grondkarakteristieken"	"Bepaling van de grondeigenschappen."	""	"Proef grondkarakteristieken"	"Bepaling van de grondeigenschappen."	""	""	""	""	""	""	""	""	"false"	"https://wegenenverkeer-test.data.vlaanderen.be/ns/proefenmeting#"	"ProefGrondkarakteristieken"	"http://www.w3.org/2000/01/rdf-schema#Class"	""	""	"https://wegenenverkeer-test.data.vlaanderen.be/ns/abstracten#Proef"	""	""
"CLASS"	"OSLO-Proefenmeting"	"ProefZichtbaarheidBijNachtRegenweer"	"{5A2A38A9-22AE-4cdf-B5D5-D2C906D8A74B}"	""	""	""	""	"Proef zichtbaarheid bij nacht en regenweer"	"Bepaling van het retroreflecterend vermogen van een markering bij nacht bij nat weer (tijdens regenbui)."	""	"Proef zichtbaarheid bij nacht en regenweer"	"Bepaling van het retroreflecterend vermogen van een markering bij nacht bij nat weer (tijdens regenbui)."	""	""	""	""	""	""	""	""	"false"	"https://wegenenverkeer-test.data.vlaanderen.be/ns/proefenmeting#"	"ProefZichtbaarheidBijNachtRegenweer"	"http://www.w3.org/2000/01/rdf-schema#Class"	""	""	"https://wegenenverkeer-test.data.vlaanderen.be/ns/abstracten#Proef"	""	""
"CLASS"	"OSLO-Proefenmeting"	"ProefVlakheid"	"{0908FE15-DA07-4bc0-A786-DD5ABC82BB4F}"	""	""	""	""	"Proef vlakheid"	"Controle van de effenheid van het oppervlak met behulp van een 3 meter lange rei volgens NBN EN 13036-7."	""	"Proef vlakheid"	"Controle van de effenheid van het oppervlak met behulp van een 3 meter lange rei volgens NBN EN 13036-7."	""	""	""	""	""	""	""	""	"false"	"https://wegenenverkeer-test.data.vlaanderen.be/ns/proefenmeting#"	"ProefVlakheid"	"http://www.w3.org/2000/01/rdf-schema#Class"	""	""	"https://wegenenverkeer-test.data.vlaanderen.be/ns/abstracten#Proef"	""	""
"CLASS"	"OSLO-Proefenmeting"	"ProefGemetenDikte"	"{6C368487-AA79-4bb4-A9EF-1DEA9335FE65}"	""	""	""	""	"Proef gemeten dikte"	"De effectieve dikte van de laag."	""	"Proef gemeten dikte"	"De effectieve dikte van de laag."	""	""	""	""	""	""	""	""	"false"	"https://wegenenverkeer-test.data.vlaanderen.be/ns/proefenmeting#"	"ProefGemetenDikte"	"http://www.w3.org/2000/01/rdf-schema#Class"	""	""	"https://wegenenverkeer-test.data.vlaanderen.be/ns/abstracten#Proef"	""	""
"CLASS"	"OSLO-Proefenmeting"	"ProefWeerstandAfschilfering"	"{BED46A70-B61E-4615-9470-7D57211FC09E}"	""	""	""	""	"Proef weerstand afschilfering"	"Controle van de vorst-dooiweerstand volgens CEN/TS 12390-9."	""	"Proef weerstand afschilfering"	"Controle van de vorst-dooiweerstand volgens CEN/TS 12390-9."	""	""	""	""	""	""	""	""	"false"	"https://wegenenverkeer-test.data.vlaanderen.be/ns/proefenmeting#"	"ProefWeerstandAfschilfering"	"http://www.w3.org/2000/01/rdf-schema#Class"	""	""	"https://wegenenverkeer-test.data.vlaanderen.be/ns/abstracten#Proef"	""	""
"CLASS"	"OSLO-Proefenmeting"	"ProefDwarsvlakheid"	"{4857535C-1EB6-4a03-8C45-3414E05C9FA0}"	""	""	""	""	"Proef dwarsvlakheid"	"Controle van de spoorvorming via de latmethode."	""	"Proef dwarsvlakheid"	"Controle van de spoorvorming via de latmethode."	""	""	""	""	""	""	""	""	"false"	"https://wegenenverkeer-test.data.vlaanderen.be/ns/proefenmeting#"	"ProefDwarsvlakheid"	"http://www.w3.org/2000/01/rdf-schema#Class"	""	""	"https://wegenenverkeer-test.data.vlaanderen.be/ns/abstracten#Proef"	""	""
"CLASS"	"OSLO-Proefenmeting"	"ProefVisueleBeoordeling"	"{7B78870D-3129-47fd-AECA-6F83CFAD2894}"	""	""	""	""	"Proef visuele beoordeling"	"Opsporen van de gebreken bij de definitieve oplevering."	""	"Proef visuele beoordeling"	"Opsporen van de gebreken bij de definitieve oplevering."	""	""	""	""	""	""	""	""	"false"	"https://wegenenverkeer-test.data.vlaanderen.be/ns/proefenmeting#"	"ProefVisueleBeoordeling"	"http://www.w3.org/2000/01/rdf-schema#Class"	""	""	"https://wegenenverkeer-test.data.vlaanderen.be/ns/abstracten#Proef"	""	""
"CLASS"	"OSLO-Proefenmeting"	"Keuring"	"{0D52A028-9173-404c-AC6F-0DF24972A390}"	""	""	""	""	"Keuring"	"Technische keuring uitgevoerd door een officiële keuringsinstantie."	""	"Keuring"	"Technische keuring uitgevoerd door een officiële keuringsinstantie."	""	""	""	""	""	""	""	""	"false"	"https://wegenenverkeer-test.data.vlaanderen.be/ns/proefenmeting#"	"Keuring"	"http://www.w3.org/2000/01/rdf-schema#Class"	""	""	""	""	""
"CLASS"	"OSLO-Proefenmeting"	"MeteropnameEnergiemeterGecombineerd"	"{AC9F4EA0-A355-4df3-B5D1-21A1AC763336}"	""	""	""	""	"Meteropname gecombineerde energiemeter"	"Resultaten van een meteropname van een gecombineerde energiemeter."	""	"Meteropname gecombineerde energiemeter"	"Resultaten van een meteropname van een gecombineerde energiemeter."	""	""	""	""	""	""	""	""	"false"	"https://wegenenverkeer-test.data.vlaanderen.be/ns/proefenmeting#"	"MeteropnameEnergiemeterGecombineerd"	"http://www.w3.org/2000/01/rdf-schema#Class"	""	""	"https://wegenenverkeer-test.data.vlaanderen.be/ns/proefenmeting#MeteropnameEnergiemeter"	""	""
"CLASS"	"OSLO-Proefenmeting"	"MeteropnameEnergiemeter"	"{C52285C2-0160-468d-A1EA-0033C7E7A108}"	""	""	""	""	"Meteropname energiemeter"	"Resultaten van een meteropname van een energiemeter."	""	"Meteropname energiemeter"	"Resultaten van een meteropname van een energiemeter."	""	""	""	""	""	""	""	""	"false"	"https://wegenenverkeer-test.data.vlaanderen.be/ns/proefenmeting#"	"MeteropnameEnergiemeter"	"http://www.w3.org/2000/01/rdf-schema#Class"	""	""	"https://wegenenverkeer-test.data.vlaanderen.be/ns/implementatieelement#AIMNaamObject"	""	""
"attribute"	"OSLO-Proefenmeting"	"stroefheid"	"{5963037E-236C-4afa-B19A-EE1B221744BE}"	""	"ProefStroefheid"	"{5841805D-D6E7-4412-A034-3BEADAB3458B}"	"DtcDocument"	"stroefheid"	"Proefresultaten van de stroefheid."	""	"stroefheid"	"Proefresultaten van de stroefheid."	""	""	""	""	""	""	""	""	"false"	"https://wegenenverkeer-test.data.vlaanderen.be/ns/proefenmeting#"	"ProefStroefheid.stroefheid"	"http://www.w3.org/2002/07/owl#ObjectProperty"	"https://wegenenverkeer-test.data.vlaanderen.be/ns/proefenmeting#ProefStroefheid"	"https://wegenenverkeer-test.data.vlaanderen.be/ns/implementatieelement#DtcDocument"	""	"1"	"1"
"attribute"	"OSLO-Proefenmeting"	"draineervermogen"	"{C0A869E9-2221-40cd-AC0B-761105A37F69}"	""	"ProefDraineervermogen"	"{5E058377-C500-42c4-B861-C206367F4380}"	"DtcDocument"	"draineervermogen"	"Proefresultaten van het drainvermogen."	""	"draineervermogen"	"Proefresultaten van het drainvermogen."	""	""	""	""	""	""	""	""	"false"	"https://wegenenverkeer-test.data.vlaanderen.be/ns/proefenmeting#"	"ProefDraineervermogen.draineervermogen"	"http://www.w3.org/2002/07/owl#ObjectProperty"	"https://wegenenverkeer-test.data.vlaanderen.be/ns/proefenmeting#ProefDraineervermogen"	"https://wegenenverkeer-test.data.vlaanderen.be/ns/implementatieelement#DtcDocument"	""	"1"	"1"
"attribute"	"OSLO-Proefenmeting"	"luminantiecoëfficiënt"	"{9BA3B533-E7ED-4c0e-A7C8-D12FB47C2996}"	""	"ProefZichtbaarheidBijDagOfWV"	"{D70EF271-FA02-4c81-B1CF-DC130868DA10}"	"Decimal"	"luminantiecoëfficient"	"De verhouding van de luminantie van het oppervlak in een gegeven richting en de verlichtingssterkte op het oppervlak."	"uitgedrukt in mcd. m-2.lux-1"	"luminantiecoëfficient"	"De verhouding van de luminantie van het oppervlak in een gegeven richting en de verlichtingssterkte op het oppervlak."	"uitgedrukt in mcd. m-2.lux-1"	""	""	""	""	""	""	""	"false"	"https://wegenenverkeer-test.data.vlaanderen.be/ns/proefenmeting#"	"ProefZichtbaarheidBijDagOfWV.luminantiecoëfficiënt"	"http://www.w3.org/2002/07/owl#ObjectProperty"	"https://wegenenverkeer-test.data.vlaanderen.be/ns/proefenmeting#ProefZichtbaarheidBijDagOfWV"	"http://www.w3.org/2001/XMLSchema#decimal"	""	"1"	"1"
"attribute"	"OSLO-Proefenmeting"	"druksterkte"	"{181B7512-2D1C-4f17-82D7-BBE62D3204E6}"	""	"ProefDruksterkte"	"{6EAEF81D-D119-4daf-84E8-D8EBD6B197CA}"	"DtcDocument"	"druksterkte"	"Proefresultaten van de druksterkte van de laag."	""	"druksterkte"	"Proefresultaten van de druksterkte van de laag."	""	""	""	""	""	""	""	""	"false"	"https://wegenenverkeer-test.data.vlaanderen.be/ns/proefenmeting#"	"ProefDruksterkte.druksterkte"	"http://www.w3.org/2002/07/owl#ObjectProperty"	"https://wegenenverkeer-test.data.vlaanderen.be/ns/proefenmeting#ProefDruksterkte"	"https://wegenenverkeer-test.data.vlaanderen.be/ns/implementatieelement#DtcDocument"	""	"1"	"1"
"attribute"	"OSLO-Proefenmeting"	"schokindexMvp"	"{59721F23-CDEB-4c4a-AE20-063FA1075A98}"	""	"ProefSchokindexMVP"	"{4FA601B7-AE2C-48bb-A088-C525AF41843C}"	"KlLEACSchokindexMVP"	"schokindex mvp"	" head injury criterium (HIC) van een motorvangplank.
"	""	"schokindex mvp"	" head injury criterium (HIC) van een motorvangplank.
"	""	""	""	""	""	""	""	""	"false"	"https://wegenenverkeer-test.data.vlaanderen.be/ns/proefenmeting#"	"ProefSchokindexMVP.schokindexMvp"	"http://www.w3.org/2002/07/owl#ObjectProperty"	"https://wegenenverkeer-test.data.vlaanderen.be/ns/proefenmeting#ProefSchokindexMVP"	"http://www.w3.org/2004/02/skos/core#Concept"	""	"1"	"1"
"attribute"	"OSLO-Proefenmeting"	"gaafheid"	"{9A8E4840-AC9B-4a95-AE04-37F5F7C7CC76}"	""	"ProefGaafheid"	"{E7603A7B-6DCF-4dba-A048-886BA4FA9D97}"	"DtcDocument"	"gaafheid"	"De resultaten van de controle."	""	"gaafheid"	"De resultaten van de controle."	""	""	""	""	""	""	""	""	"false"	"https://wegenenverkeer-test.data.vlaanderen.be/ns/proefenmeting#"	"ProefGaafheid.gaafheid"	"http://www.w3.org/2002/07/owl#ObjectProperty"	"https://wegenenverkeer-test.data.vlaanderen.be/ns/proefenmeting#ProefGaafheid"	"https://wegenenverkeer-test.data.vlaanderen.be/ns/implementatieelement#DtcDocument"	""	"1"	"1"
"attribute"	"OSLO-Proefenmeting"	"luchtdichtheid"	"{D036C38C-F1E9-4114-9D43-67FF7CAB24F2}"	""	"ProefLuchtdichtheid"	"{4A924F29-03F6-4889-B4D0-A06C6039D6E8}"	"DtcDocument"	"luchtdichtheid"	"Testresultaten van de opgemeten drukval van het beproefde leidingsvak."	""	"luchtdichtheid"	"Testresultaten van de opgemeten drukval van het beproefde leidingsvak."	""	""	""	""	""	""	""	""	"false"	"https://wegenenverkeer-test.data.vlaanderen.be/ns/proefenmeting#"	"ProefLuchtdichtheid.luchtdichtheid"	"http://www.w3.org/2002/07/owl#ObjectProperty"	"https://wegenenverkeer-test.data.vlaanderen.be/ns/proefenmeting#ProefLuchtdichtheid"	"https://wegenenverkeer-test.data.vlaanderen.be/ns/implementatieelement#DtcDocument"	""	"1"	"1"
"attribute"	"OSLO-Proefenmeting"	"luminantiefactor"	"{1F9AC9C5-8FF0-4e21-BA71-C35D8E91570A}"	""	"ProefLuminantie"	"{5230387C-B0A6-4882-B657-20F53FDD70B4}"	"Decimal"	"luminantiefactor"	"Waarde om het contrast met het wegdek en bijgevolg de dagzichtbaarheid te bepalen."	""	"luminantiefactor"	"Waarde om het contrast met het wegdek en bijgevolg de dagzichtbaarheid te bepalen."	""	""	""	""	""	""	""	""	"false"	"https://wegenenverkeer-test.data.vlaanderen.be/ns/proefenmeting#"	"ProefLuminantie.luminantiefactor"	"http://www.w3.org/2002/07/owl#ObjectProperty"	"https://wegenenverkeer-test.data.vlaanderen.be/ns/proefenmeting#ProefLuminantie"	"http://www.w3.org/2001/XMLSchema#decimal"	""	"1"	"1"
"attribute"	"OSLO-Proefenmeting"	"doorlatendheid"	"{C64DE4D3-3E23-457e-8C76-6C590E4CF47F}"	""	"ProefDoorlatendheid"	"{71431722-A81A-4edf-B654-5AD344BC81DA}"	"DtcDocument"	"doorlatendheid"	"Proefresultaten van de waterdoorlatendheid."	""	"doorlatendheid"	"Proefresultaten van de waterdoorlatendheid."	""	""	""	""	""	""	""	""	"false"	"https://wegenenverkeer-test.data.vlaanderen.be/ns/proefenmeting#"	"ProefDoorlatendheid.doorlatendheid"	"http://www.w3.org/2002/07/owl#ObjectProperty"	"https://wegenenverkeer-test.data.vlaanderen.be/ns/proefenmeting#ProefDoorlatendheid"	"https://wegenenverkeer-test.data.vlaanderen.be/ns/implementatieelement#DtcDocument"	""	"1"	"1"
"attribute"	"OSLO-Proefenmeting"	"langsvlakheid"	"{5E78EBCF-08FD-4f25-9931-50215312D93D}"	""	"ProefLangsvlakheid"	"{7CB5CAA5-43C0-41f6-85CA-459671469F31}"	"DtcDocument"	"langsvlakheid"	"Het resultaat van de meting."	""	"langsvlakheid"	"Het resultaat van de meting."	""	""	""	""	""	""	""	""	"false"	"https://wegenenverkeer-test.data.vlaanderen.be/ns/proefenmeting#"	"ProefLangsvlakheid.langsvlakheid"	"http://www.w3.org/2002/07/owl#ObjectProperty"	"https://wegenenverkeer-test.data.vlaanderen.be/ns/proefenmeting#ProefLangsvlakheid"	"https://wegenenverkeer-test.data.vlaanderen.be/ns/implementatieelement#DtcDocument"	""	"1"	"1"
"attribute"	"OSLO-Proefenmeting"	"mortelkwaliteit"	"{AAF78631-14FB-4049-B645-5160137D500D}"	""	"ProefMortelkwaliteit"	"{549C9BC1-BFA1-4288-92E3-602ABDA2EA58}"	"DtcDocument"	"mortelkwaliteit"	"Een rapport van de mortelkwaliteit van de onderbouw laag."	""	"mortelkwaliteit"	"Een rapport van de mortelkwaliteit van de onderbouw laag."	""	""	""	""	""	""	""	""	"false"	"https://wegenenverkeer-test.data.vlaanderen.be/ns/proefenmeting#"	"ProefMortelkwaliteit.mortelkwaliteit"	"http://www.w3.org/2002/07/owl#ObjectProperty"	"https://wegenenverkeer-test.data.vlaanderen.be/ns/proefenmeting#ProefMortelkwaliteit"	"https://wegenenverkeer-test.data.vlaanderen.be/ns/implementatieelement#DtcDocument"	""	"1"	"1"
"attribute"	"OSLO-Proefenmeting"	"schokindex"	"{C6610D65-D9BC-412f-9EBD-0A72E0E168EF}"	""	"ProefSchokindex"	"{350B29C4-AB54-4f57-8A4B-E428FCC50613}"	"KlLEACSchokindex"	"schokindex"	" De parameter die 
weergeeft hoe groot de kans op ernstige letsels is van de inzittenden bij een
aanrijding."	""	"schokindex"	" De parameter die 
weergeeft hoe groot de kans op ernstige letsels is van de inzittenden bij een
aanrijding."	""	""	""	""	""	""	""	""	"false"	"https://wegenenverkeer-test.data.vlaanderen.be/ns/proefenmeting#"	"ProefSchokindex.schokindex"	"http://www.w3.org/2002/07/owl#ObjectProperty"	"https://wegenenverkeer-test.data.vlaanderen.be/ns/proefenmeting#ProefSchokindex"	"http://www.w3.org/2004/02/skos/core#Concept"	""	"1"	"1"
"attribute"	"OSLO-Proefenmeting"	"waterdichtheid"	"{D8841F5A-EF28-4f96-99A2-1B349CA229D8}"	""	"ProefWaterdichtheid"	"{04B940F0-4C55-485e-96EF-C1929A464C0D}"	"DtcDocument"	"waterdichtheid"	"Testresultaten van het opgemeten waterverlies van het beproefde leidingsvak."	""	"waterdichtheid"	"Testresultaten van het opgemeten waterverlies van het beproefde leidingsvak."	""	""	""	""	""	""	""	""	"false"	"https://wegenenverkeer-test.data.vlaanderen.be/ns/proefenmeting#"	"ProefWaterdichtheid.waterdichtheid"	"http://www.w3.org/2002/07/owl#ObjectProperty"	"https://wegenenverkeer-test.data.vlaanderen.be/ns/proefenmeting#ProefWaterdichtheid"	"https://wegenenverkeer-test.data.vlaanderen.be/ns/implementatieelement#DtcDocument"	""	"1"	"1"
"attribute"	"OSLO-Proefenmeting"	"wateropslorping"	"{08D956BA-E390-414a-A809-2B317A3F07D8}"	""	"ProefWateropslorping"	"{D75320F6-AF6C-4753-9EA4-F2B82918E689}"	"DtcDocument"	"wateropslorping"	"Proef om de wateropslorping van de laag te bepalen."	""	"wateropslorping"	"Proef om de wateropslorping van de laag te bepalen."	""	""	""	""	""	""	""	""	"false"	"https://wegenenverkeer-test.data.vlaanderen.be/ns/proefenmeting#"	"ProefWateropslorping.wateropslorping"	"http://www.w3.org/2002/07/owl#ObjectProperty"	"https://wegenenverkeer-test.data.vlaanderen.be/ns/proefenmeting#ProefWateropslorping"	"https://wegenenverkeer-test.data.vlaanderen.be/ns/implementatieelement#DtcDocument"	""	"1"	"1"
"attribute"	"OSLO-Proefenmeting"	"temperatuur"	"{D356EB4F-5312-44bf-81D1-C39745A40324}"	""	"ProefTemperatuur"	"{4717ED22-EDB4-4247-824F-5C1D34BCE041}"	"KwantWrdInCelsius"	"temperatuur"	"De temperatuur van de BV laag in graden Celsius."	""	"temperatuur"	"De temperatuur van de BV laag in graden Celsius."	""	""	""	""	""	""	""	""	"false"	"https://wegenenverkeer-test.data.vlaanderen.be/ns/proefenmeting#"	"ProefTemperatuur.temperatuur"	"http://www.w3.org/2002/07/owl#ObjectProperty"	"https://wegenenverkeer-test.data.vlaanderen.be/ns/proefenmeting#ProefTemperatuur"	"https://wegenenverkeer-test.data.vlaanderen.be/ns/implementatieelement#KwantWrdInCelsius"	""	"1"	"1"
"attribute"	"OSLO-Proefenmeting"	"rolgeluid"	"{CD767532-DC2A-46c8-9E06-CA923658DC99}"	""	"ProefRolgeluid"	"{8628D871-4AE2-4582-AF12-75A80561757C}"	"DtcDocument"	"rolgeluid"	"Proefresultaten van het rolgeluid van de toplaag."	""	"rolgeluid"	"Proefresultaten van het rolgeluid van de toplaag."	""	""	""	""	""	""	""	""	"false"	"https://wegenenverkeer-test.data.vlaanderen.be/ns/proefenmeting#"	"ProefRolgeluid.rolgeluid"	"http://www.w3.org/2002/07/owl#ObjectProperty"	"https://wegenenverkeer-test.data.vlaanderen.be/ns/proefenmeting#ProefRolgeluid"	"https://wegenenverkeer-test.data.vlaanderen.be/ns/implementatieelement#DtcDocument"	""	"1"	"1"
"attribute"	"OSLO-Proefenmeting"	"voertuigOverhelling"	"{71CEC7E2-C2EB-4152-A8CB-12EE6FF665B4}"	""	"ProefVoertuigOverhelling"	"{60C69807-2E65-4bf8-B541-708063715CF4}"	"KlLEACVoertuigOverhelling"	"voertuig overhelling"	"Naast het horizontaal verplaatsen van de veiligheidsafbakening bij een impact, kan een voertuig bij impact ook over de afbakening hellen.  De maximale overhelling wordt op basis van foto's en video-opnames van de test bepaald."	""	"voertuig overhelling"	"Naast het horizontaal verplaatsen van de veiligheidsafbakening bij een impact, kan een voertuig bij impact ook over de afbakening hellen.  De maximale overhelling wordt op basis van foto's en video-opnames van de test bepaald."	""	""	""	""	""	""	""	""	"false"	"https://wegenenverkeer-test.data.vlaanderen.be/ns/proefenmeting#"	"ProefVoertuigOverhelling.voertuigOverhelling"	"http://www.w3.org/2002/07/owl#ObjectProperty"	"https://wegenenverkeer-test.data.vlaanderen.be/ns/proefenmeting#ProefVoertuigOverhelling"	"http://www.w3.org/2004/02/skos/core#Concept"	""	"1"	"1"
"attribute"	"OSLO-Proefenmeting"	"verankeringskracht"	"{28A6A77F-2915-42e9-AEA0-099F4CF66DA8}"	""	"ProefVerankeringskracht"	"{DF2347EC-A207-47fb-8B50-235A905E02C5}"	"DtcDocument"	"verankeringskracht"	"Het resultaat van de test om de verankeringskracht in de BV laag."	""	"verankeringskracht"	"Het resultaat van de test om de verankeringskracht in de BV laag."	""	""	""	""	""	""	""	""	"false"	"https://wegenenverkeer-test.data.vlaanderen.be/ns/proefenmeting#"	"ProefVerankeringskracht.verankeringskracht"	"http://www.w3.org/2002/07/owl#ObjectProperty"	"https://wegenenverkeer-test.data.vlaanderen.be/ns/proefenmeting#ProefVerankeringskracht"	"https://wegenenverkeer-test.data.vlaanderen.be/ns/implementatieelement#DtcDocument"	""	"1"	"1"
"attribute"	"OSLO-Proefenmeting"	"basiswaarde"	"{3A626756-A5F0-4d6b-AF67-E8E7D39244A1}"	""	"ProefBoomtoestand"	"{6DBD4713-8F88-4e27-9065-F9273B910BC7}"	"KwantWrdInEuro"	"rapportage onderzoek"	"Het schriftelijk verslag dat na onderzoek of visuele controle wordt opgemaakt."	""	"rapportage onderzoek"	"Het schriftelijk verslag dat na onderzoek of visuele controle wordt opgemaakt."	""	""	""	""	""	""	""	""	"false"	"https://wegenenverkeer-test.data.vlaanderen.be/ns/proefenmeting#"	"ProefBoomtoestand.basiswaarde"	"http://www.w3.org/2002/07/owl#ObjectProperty"	"https://wegenenverkeer-test.data.vlaanderen.be/ns/proefenmeting#ProefBoomtoestand"	"https://wegenenverkeer-test.data.vlaanderen.be/ns/implementatieelement#KwantWrdInEuro"	""	"1"	"1"
"attribute"	"OSLO-Proefenmeting"	"conditiebeoordeling"	"{24F393BD-32BF-4006-ACC0-E4D25B8917C7}"	""	"ProefBoomtoestand"	"{6DBD4713-8F88-4e27-9065-F9273B910BC7}"	"KlBoomConditiebeoordeling"	"conditiebeoordeling"	"De conditie beoordeeld volgens de kronenstructuur van Dr. A. Roloff, gelet op de scheutlengte ontwikkeling en vorming van dood hout."	""	"conditiebeoordeling"	"De conditie beoordeeld volgens de kronenstructuur van Dr. A. Roloff, gelet op de scheutlengte ontwikkeling en vorming van dood hout."	""	""	""	""	""	""	""	""	"false"	"https://wegenenverkeer-test.data.vlaanderen.be/ns/proefenmeting#"	"ProefBoomtoestand.conditiebeoordeling"	"http://www.w3.org/2002/07/owl#ObjectProperty"	"https://wegenenverkeer-test.data.vlaanderen.be/ns/proefenmeting#ProefBoomtoestand"	"http://www.w3.org/2004/02/skos/core#Concept"	""	"1"	"1"
"attribute"	"OSLO-Proefenmeting"	"conditiewaarde"	"{39AB8D58-A3BE-4118-BC53-55641E2D5F97}"	""	"ProefBoomtoestand"	"{6DBD4713-8F88-4e27-9065-F9273B910BC7}"	"KlBoomConditiewaarde"	"conditiewaarde"	"Een coëfficiënt die iets vertelt over de gezondheidstoestand (vitaliteit, conditie) en de levensverwachting van een boom."	""	"conditiewaarde"	"Een coëfficiënt die iets vertelt over de gezondheidstoestand (vitaliteit, conditie) en de levensverwachting van een boom."	""	""	""	""	""	""	""	""	"false"	"https://wegenenverkeer-test.data.vlaanderen.be/ns/proefenmeting#"	"ProefBoomtoestand.conditiewaarde"	"http://www.w3.org/2002/07/owl#ObjectProperty"	"https://wegenenverkeer-test.data.vlaanderen.be/ns/proefenmeting#ProefBoomtoestand"	"http://www.w3.org/2004/02/skos/core#Concept"	""	"1"	"1"
"attribute"	"OSLO-Proefenmeting"	"conflicten"	"{BBF74CC9-1902-4778-9394-62118732BE8C}"	""	"ProefBoomtoestand"	"{6DBD4713-8F88-4e27-9065-F9273B910BC7}"	"KlBoomConflicten"	"conflicten"	"Mogelijke standplaatsconflicten die de condities of structuur van de boom negatief kunnen beïnvloeden."	""	"conflicten"	"Mogelijke standplaatsconflicten die de condities of structuur van de boom negatief kunnen beïnvloeden."	""	""	""	""	""	""	""	""	"false"	"https://wegenenverkeer-test.data.vlaanderen.be/ns/proefenmeting#"	"ProefBoomtoestand.conflicten"	"http://www.w3.org/2002/07/owl#ObjectProperty"	"https://wegenenverkeer-test.data.vlaanderen.be/ns/proefenmeting#ProefBoomtoestand"	"http://www.w3.org/2004/02/skos/core#Concept"	""	"1"	"1"
"attribute"	"OSLO-Proefenmeting"	"gebreken"	"{8AA4171E-B888-46db-B05D-EBCD58EEBB08}"	""	"ProefBoomtoestand"	"{6DBD4713-8F88-4e27-9065-F9273B910BC7}"	"KlBoomGebreken"	"gebreken"	"Een visueel defect aan een boom wat dient gemonitord te worden."	""	"gebreken"	"Een visueel defect aan een boom wat dient gemonitord te worden."	""	""	""	""	""	""	""	""	"false"	"https://wegenenverkeer-test.data.vlaanderen.be/ns/proefenmeting#"	"ProefBoomtoestand.gebreken"	"http://www.w3.org/2002/07/owl#ObjectProperty"	"https://wegenenverkeer-test.data.vlaanderen.be/ns/proefenmeting#ProefBoomtoestand"	"http://www.w3.org/2004/02/skos/core#Concept"	""	"1"	"*"
"attribute"	"OSLO-Proefenmeting"	"krooninspectie"	"{BE24896A-BEB2-429e-A36B-1638722465D8}"	""	"ProefBoomtoestand"	"{6DBD4713-8F88-4e27-9065-F9273B910BC7}"	"DtcDocument"	"krooninspectie"	"Controle van gebrekssymptomen in de kroon."	""	"krooninspectie"	"Controle van gebrekssymptomen in de kroon."	""	""	""	""	""	""	""	""	"false"	"https://wegenenverkeer-test.data.vlaanderen.be/ns/proefenmeting#"	"ProefBoomtoestand.krooninspectie"	"http://www.w3.org/2002/07/owl#ObjectProperty"	"https://wegenenverkeer-test.data.vlaanderen.be/ns/proefenmeting#ProefBoomtoestand"	"https://wegenenverkeer-test.data.vlaanderen.be/ns/implementatieelement#DtcDocument"	""	"1"	"1"
"attribute"	"OSLO-Proefenmeting"	"meerwaarde"	"{68DE7547-B524-480b-923D-77C94341C319}"	""	"ProefBoomtoestand"	"{6DBD4713-8F88-4e27-9065-F9273B910BC7}"	"KlBoomtoestandMeerwaardefactor"	"meerwaarde"	"Mogelijkheid om de boom een waarde toe te kennen op basis van hun uitzonderlijke ecologische of erfgoedwaarde ."	""	"meerwaarde"	"Mogelijkheid om de boom een waarde toe te kennen op basis van hun uitzonderlijke ecologische of erfgoedwaarde ."	""	""	""	""	""	""	""	""	"false"	"https://wegenenverkeer-test.data.vlaanderen.be/ns/proefenmeting#"	"ProefBoomtoestand.meerwaarde"	"http://www.w3.org/2002/07/owl#ObjectProperty"	"https://wegenenverkeer-test.data.vlaanderen.be/ns/proefenmeting#ProefBoomtoestand"	"http://www.w3.org/2004/02/skos/core#Concept"	""	"1"	"1"
"attribute"	"OSLO-Proefenmeting"	"onderhoudstoestand"	"{3D2F9029-1360-4730-A950-2E1DAA89BEAD}"	""	"ProefBoomtoestand"	"{6DBD4713-8F88-4e27-9065-F9273B910BC7}"	"KlBoomOnderhoudstoestand"	"onderhoudstoestand"	"De toestand van een boom die de eventuele snoeiachterstand aangeeft"	""	"onderhoudstoestand"	"De toestand van een boom die de eventuele snoeiachterstand aangeeft"	""	""	""	""	""	""	""	""	"false"	"https://wegenenverkeer-test.data.vlaanderen.be/ns/proefenmeting#"	"ProefBoomtoestand.onderhoudstoestand"	"http://www.w3.org/2002/07/owl#ObjectProperty"	"https://wegenenverkeer-test.data.vlaanderen.be/ns/proefenmeting#ProefBoomtoestand"	"http://www.w3.org/2004/02/skos/core#Concept"	""	"1"	"1"
"attribute"	"OSLO-Proefenmeting"	"onderzoekVisueleBoomcontrole"	"{154657CE-0666-474c-9E53-4DC1F329E965}"	""	"ProefBoomtoestand"	"{6DBD4713-8F88-4e27-9065-F9273B910BC7}"	"DtcDocument"	"Onderzoek visuele boomcontrole"	"Visueel bepalen van de veiligheid en conditie van een boom."	""	"Onderzoek visuele boomcontrole"	"Visueel bepalen van de veiligheid en conditie van een boom."	""	""	""	""	""	""	""	""	"false"	"https://wegenenverkeer-test.data.vlaanderen.be/ns/proefenmeting#"	"ProefBoomtoestand.onderzoekVisueleBoomcontrole"	"http://www.w3.org/2002/07/owl#ObjectProperty"	"https://wegenenverkeer-test.data.vlaanderen.be/ns/proefenmeting#ProefBoomtoestand"	"https://wegenenverkeer-test.data.vlaanderen.be/ns/implementatieelement#DtcDocument"	""	"1"	"1"
"attribute"	"OSLO-Proefenmeting"	"plantwijzewaarde"	"{E4107C69-9C15-4ec6-B4B9-2B6B1316649B}"	""	"ProefBoomtoestand"	"{6DBD4713-8F88-4e27-9065-F9273B910BC7}"	"KlBoomPlantwijzewaarde"	"plantwijzewaarde"	"Een factor die de ontwikkeling van het uiterlijk (de habitus) van een boom relateert met de manier waarop hij geplant wordt."	""	"plantwijzewaarde"	"Een factor die de ontwikkeling van het uiterlijk (de habitus) van een boom relateert met de manier waarop hij geplant wordt."	""	""	""	""	""	""	""	""	"false"	"https://wegenenverkeer-test.data.vlaanderen.be/ns/proefenmeting#"	"ProefBoomtoestand.plantwijzewaarde"	"http://www.w3.org/2002/07/owl#ObjectProperty"	"https://wegenenverkeer-test.data.vlaanderen.be/ns/proefenmeting#ProefBoomtoestand"	"http://www.w3.org/2004/02/skos/core#Concept"	""	"1"	"1"
"attribute"	"OSLO-Proefenmeting"	"rapportageOnderzoek"	"{AF8A0F21-208B-4658-A3BA-7776A477A098}"	""	"ProefBoomtoestand"	"{6DBD4713-8F88-4e27-9065-F9273B910BC7}"	"DtcDocument"	"rapportage onderzoek"	"Het schriftelijk verslag dat na onderzoek of visuele controle wordt opgemaakt."	""	"rapportage onderzoek"	"Het schriftelijk verslag dat na onderzoek of visuele controle wordt opgemaakt."	""	""	""	""	""	""	""	""	"false"	"https://wegenenverkeer-test.data.vlaanderen.be/ns/proefenmeting#"	"ProefBoomtoestand.rapportageOnderzoek"	"http://www.w3.org/2002/07/owl#ObjectProperty"	"https://wegenenverkeer-test.data.vlaanderen.be/ns/proefenmeting#ProefBoomtoestand"	"https://wegenenverkeer-test.data.vlaanderen.be/ns/implementatieelement#DtcDocument"	""	"1"	"1"
"attribute"	"OSLO-Proefenmeting"	"soortwaarde"	"{CE988FE2-6CE0-446a-909A-9E7087E2E2CA}"	""	"ProefBoomtoestand"	"{6DBD4713-8F88-4e27-9065-F9273B910BC7}"	"Decimal"	"soortwaarde"	"Geeft voor een bepaalde boomsoort of -variëteit de verhouding weer tussen de prijs per cm² van die soort en de eenheidsprijs."	""	"soortwaarde"	"Geeft voor een bepaalde boomsoort of -variëteit de verhouding weer tussen de prijs per cm² van die soort en de eenheidsprijs."	""	""	""	""	""	""	""	""	"false"	"https://wegenenverkeer-test.data.vlaanderen.be/ns/proefenmeting#"	"ProefBoomtoestand.soortwaarde"	"http://www.w3.org/2002/07/owl#ObjectProperty"	"https://wegenenverkeer-test.data.vlaanderen.be/ns/proefenmeting#ProefBoomtoestand"	"http://www.w3.org/2001/XMLSchema#decimal"	""	"1"	"1"
"attribute"	"OSLO-Proefenmeting"	"stamomtrek"	"{66366928-D22A-4f54-8603-1C9EE036DCAF}"	""	"ProefBoomtoestand"	"{6DBD4713-8F88-4e27-9065-F9273B910BC7}"	"KwantWrdInCentimeter"	"stamomtrek"	"Omtrek van de stam van de boom in cm, gemeten op 1 meter boven de grond."	""	"stamomtrek"	"Omtrek van de stam van de boom in cm, gemeten op 1 meter boven de grond."	""	""	""	""	""	""	""	""	"false"	"https://wegenenverkeer-test.data.vlaanderen.be/ns/proefenmeting#"	"ProefBoomtoestand.stamomtrek"	"http://www.w3.org/2002/07/owl#ObjectProperty"	"https://wegenenverkeer-test.data.vlaanderen.be/ns/proefenmeting#ProefBoomtoestand"	"https://wegenenverkeer-test.data.vlaanderen.be/ns/implementatieelement#KwantWrdInCentimeter"	""	"1"	"1"
"attribute"	"OSLO-Proefenmeting"	"standplaatswaarde"	"{A4D29F76-EA59-4626-A7C4-0E7F96C09D46}"	""	"ProefBoomtoestand"	"{6DBD4713-8F88-4e27-9065-F9273B910BC7}"	"KlBoomStandplaatswaarde"	"standplaatswaarde"	"De waarde van de boom afhankelijk van de bebouwingsdichtheid en de aanplantingsmogelijkheden rondom en voor de boom."	""	"standplaatswaarde"	"De waarde van de boom afhankelijk van de bebouwingsdichtheid en de aanplantingsmogelijkheden rondom en voor de boom."	""	""	""	""	""	""	""	""	"false"	"https://wegenenverkeer-test.data.vlaanderen.be/ns/proefenmeting#"	"ProefBoomtoestand.standplaatswaarde"	"http://www.w3.org/2002/07/owl#ObjectProperty"	"https://wegenenverkeer-test.data.vlaanderen.be/ns/proefenmeting#ProefBoomtoestand"	"http://www.w3.org/2004/02/skos/core#Concept"	""	"1"	"1"
"attribute"	"OSLO-Proefenmeting"	"tijdstempelBoomtoestand"	"{6A663786-4A87-4f2e-A851-1D290829B3E4}"	""	"ProefBoomtoestand"	"{6DBD4713-8F88-4e27-9065-F9273B910BC7}"	"DateTime"	"tijdstempel boomtoestand"	"Datum van laatste snoeibeurt."	""	"tijdstempel boomtoestand"	"Datum van laatste snoeibeurt."	""	""	""	""	""	""	""	""	"false"	"https://wegenenverkeer-test.data.vlaanderen.be/ns/proefenmeting#"	"ProefBoomtoestand.tijdstempelBoomtoestand"	"http://www.w3.org/2002/07/owl#DatatypeProperty"	"https://wegenenverkeer-test.data.vlaanderen.be/ns/proefenmeting#ProefBoomtoestand"	"http://www.w3.org/2001/XMLSchema#dateTime"	""	"1"	"1"
"attribute"	"OSLO-Proefenmeting"	"uitgebreidPlaatsonderzoek"	"{F173DE1B-F30C-495c-B367-ECA6C2FDC270}"	""	"ProefBoomtoestand"	"{6DBD4713-8F88-4e27-9065-F9273B910BC7}"	"DtcDocument"	"uitgebreid plaatsonderzoek"	"Grondige beoordeling van de textuur en structuur van de bodem, met als doel een voorstel tot conditieverbeterende maatregelen."	""	"uitgebreid plaatsonderzoek"	"Grondige beoordeling van de textuur en structuur van de bodem, met als doel een voorstel tot conditieverbeterende maatregelen."	""	""	""	""	""	""	""	""	"false"	"https://wegenenverkeer-test.data.vlaanderen.be/ns/proefenmeting#"	"ProefBoomtoestand.uitgebreidPlaatsonderzoek"	"http://www.w3.org/2002/07/owl#ObjectProperty"	"https://wegenenverkeer-test.data.vlaanderen.be/ns/proefenmeting#ProefBoomtoestand"	"https://wegenenverkeer-test.data.vlaanderen.be/ns/implementatieelement#DtcDocument"	""	"1"	"1"
"attribute"	"OSLO-Proefenmeting"	"wortelonderzoek"	"{A68D9478-8B50-4772-9E24-6CEBCC28AF48}"	""	"ProefBoomtoestand"	"{6DBD4713-8F88-4e27-9065-F9273B910BC7}"	"DtcDocument"	"Wortelonderzoek"	"Bepalen van de kwaliteit van de wortels (bv. aantasting door schimmels) of het bepalen van de reikwijdte van de wortels (bv. om een wortelbeschermingszone op te zetten in de buurt van werken van de  bomen)"	""	"Wortelonderzoek"	"Bepalen van de kwaliteit van de wortels (bv. aantasting door schimmels) of het bepalen van de reikwijdte van de wortels (bv. om een wortelbeschermingszone op te zetten in de buurt van werken van de  bomen)"	""	""	""	""	""	""	""	""	"false"	"https://wegenenverkeer-test.data.vlaanderen.be/ns/proefenmeting#"	"ProefBoomtoestand.wortelonderzoek"	"http://www.w3.org/2002/07/owl#ObjectProperty"	"https://wegenenverkeer-test.data.vlaanderen.be/ns/proefenmeting#ProefBoomtoestand"	"https://wegenenverkeer-test.data.vlaanderen.be/ns/implementatieelement#DtcDocument"	""	"1"	"1"
"attribute"	"OSLO-Proefenmeting"	"performantieniveau"	"{6859A226-F388-4041-A947-24BC47F1F5E3}"	""	"ProefPerformantieniveau"	"{64D1ED4B-C798-4c93-8F4C-5C1744923499}"	"KlLEACPerformantieniveau"	"performantieniveau"	"Het niveau waarop de obstakelbeveiliger is getest."	""	"performantieniveau"	"Het niveau waarop de obstakelbeveiliger is getest."	""	""	""	""	""	""	""	""	"false"	"https://wegenenverkeer-test.data.vlaanderen.be/ns/proefenmeting#"	"ProefPerformantieniveau.performantieniveau"	"http://www.w3.org/2002/07/owl#ObjectProperty"	"https://wegenenverkeer-test.data.vlaanderen.be/ns/proefenmeting#ProefPerformantieniveau"	"http://www.w3.org/2004/02/skos/core#Concept"	""	"1"	"1"
"attribute"	"OSLO-Proefenmeting"	"staalvezelgehalte"	"{E66EA86E-0063-48d4-B077-72F5A044F517}"	""	"ProefStaalvezelgehalte"	"{51CD2C90-E704-46b9-98E9-F921622D4200}"	"DtcDocument"	"staalvezelgehalte"	"Het resultaat van de test van het gemeten staalvezelgehalte in de BV laag."	""	"staalvezelgehalte"	"Het resultaat van de test van het gemeten staalvezelgehalte in de BV laag."	""	""	""	""	""	""	""	""	"false"	"https://wegenenverkeer-test.data.vlaanderen.be/ns/proefenmeting#"	"ProefStaalvezelgehalte.staalvezelgehalte"	"http://www.w3.org/2002/07/owl#ObjectProperty"	"https://wegenenverkeer-test.data.vlaanderen.be/ns/proefenmeting#ProefStaalvezelgehalte"	"https://wegenenverkeer-test.data.vlaanderen.be/ns/implementatieelement#DtcDocument"	""	"1"	"1"
"attribute"	"OSLO-Proefenmeting"	"performantieklasse"	"{3FB776F4-3AF0-4c85-BF91-23AB3D3AA3AD}"	""	"ProefPerformantieklasse"	"{628C88A9-E3F2-46fc-89B2-99F2CB0779B3}"	"KlLEACPerformantieklasse"	"performantieklasse"	"De aanduiding hoe (performantie) de beginconstructie is getest."	""	"performantieklasse"	"De aanduiding hoe (performantie) de beginconstructie is getest."	""	""	""	""	""	""	""	""	"false"	"https://wegenenverkeer-test.data.vlaanderen.be/ns/proefenmeting#"	"ProefPerformantieklasse.performantieklasse"	"http://www.w3.org/2002/07/owl#ObjectProperty"	"https://wegenenverkeer-test.data.vlaanderen.be/ns/proefenmeting#ProefPerformantieklasse"	"http://www.w3.org/2004/02/skos/core#Concept"	""	"1"	"1"
"attribute"	"OSLO-Proefenmeting"	"watergehalte"	"{423D9037-497E-42a2-914C-C99D28C76CE7}"	""	"ProefWatergehalte"	"{C14CE256-AE0B-41ab-9C54-E95CA62F93EC}"	"DtcDocument"	"watergehalte"	"Het resultaat van de test van het gemeten watergehalte in de BV laag."	""	"watergehalte"	"Het resultaat van de test van het gemeten watergehalte in de BV laag."	""	""	""	""	""	""	""	""	"false"	"https://wegenenverkeer-test.data.vlaanderen.be/ns/proefenmeting#"	"ProefWatergehalte.watergehalte"	"http://www.w3.org/2002/07/owl#ObjectProperty"	"https://wegenenverkeer-test.data.vlaanderen.be/ns/proefenmeting#ProefWatergehalte"	"https://wegenenverkeer-test.data.vlaanderen.be/ns/implementatieelement#DtcDocument"	""	"1"	"1"
"attribute"	"OSLO-Proefenmeting"	"consistentie"	"{06A9A689-904E-4c84-A19B-C96E605FF187}"	""	"ProefConsistentie"	"{DB49C2D1-6211-4907-B4C1-F5B401068E7E}"	"DtcDocument"	"consistentie"	"Proefresultaten van de consistentie"	""	"consistentie"	"Proefresultaten van de consistentie"	""	""	""	""	""	""	""	""	"false"	"https://wegenenverkeer-test.data.vlaanderen.be/ns/proefenmeting#"	"ProefConsistentie.consistentie"	"http://www.w3.org/2002/07/owl#ObjectProperty"	"https://wegenenverkeer-test.data.vlaanderen.be/ns/proefenmeting#ProefConsistentie"	"https://wegenenverkeer-test.data.vlaanderen.be/ns/implementatieelement#DtcDocument"	""	"1"	"1"
"attribute"	"OSLO-Proefenmeting"	"draagvermogen"	"{3463EF7F-2C4E-4a42-97B2-D915B791BDC4}"	""	"ProefDraagvermogen"	"{6BF4AAD1-1AC0-42b2-83C1-0EE160D2D01C}"	"DtcDocument"	"draagvermogen"	"Proef die het draagvermogen van de laag bepaald."	""	"draagvermogen"	"Proef die het draagvermogen van de laag bepaald."	""	""	""	""	""	""	""	""	"false"	"https://wegenenverkeer-test.data.vlaanderen.be/ns/proefenmeting#"	"ProefDraagvermogen.draagvermogen"	"http://www.w3.org/2002/07/owl#ObjectProperty"	"https://wegenenverkeer-test.data.vlaanderen.be/ns/proefenmeting#ProefDraagvermogen"	"https://wegenenverkeer-test.data.vlaanderen.be/ns/implementatieelement#DtcDocument"	""	"1"	"1"
"attribute"	"OSLO-Proefenmeting"	"korrelverdeling"	"{ECFC29A4-BDC1-45ef-9D2F-26707A93E1D4}"	""	"ProefKorrelverdeling"	"{1682D8C3-21D6-4065-BAF9-B350FCF1FACE}"	"DtcDocument"	"korrelverdeling"	"Het resultaat van de test van de gemeten korrelverdeling in de BV laag."	""	"korrelverdeling"	"Het resultaat van de test van de gemeten korrelverdeling in de BV laag."	""	""	""	""	""	""	""	""	"false"	"https://wegenenverkeer-test.data.vlaanderen.be/ns/proefenmeting#"	"ProefKorrelverdeling.korrelverdeling"	"http://www.w3.org/2002/07/owl#ObjectProperty"	"https://wegenenverkeer-test.data.vlaanderen.be/ns/proefenmeting#ProefKorrelverdeling"	"https://wegenenverkeer-test.data.vlaanderen.be/ns/implementatieelement#DtcDocument"	""	"1"	"1"
"attribute"	"OSLO-Proefenmeting"	"luchtgehalte"	"{BDD4EAD2-F49C-40a2-AA4E-DBB4B93AF342}"	""	"ProefLuchtgehalte"	"{E2E8B24B-1F29-41e3-9685-4D1F1B8270F2}"	"DtcDocument"	"luchtgehalte"	"Proefresultaten van het luchtgehalte"	""	"luchtgehalte"	"Proefresultaten van het luchtgehalte"	""	""	""	""	""	""	""	""	"false"	"https://wegenenverkeer-test.data.vlaanderen.be/ns/proefenmeting#"	"ProefLuchtgehalte.luchtgehalte"	"http://www.w3.org/2002/07/owl#ObjectProperty"	"https://wegenenverkeer-test.data.vlaanderen.be/ns/proefenmeting#ProefLuchtgehalte"	"https://wegenenverkeer-test.data.vlaanderen.be/ns/implementatieelement#DtcDocument"	""	"1"	"1"
"attribute"	"OSLO-Proefenmeting"	"technischVerslagBindmiddeldosering"	"{7E736DA8-7892-4e2a-95D0-BEE4BC778C50}"	""	"ProefBindmiddeldosering"	"{6C95A2C4-C3A7-4e7e-B747-5C7F1F6C144B}"	"DtcDocument"	"technisch verslag bindmiddeldosering"	"Het technisch verslag van een aangewezen bindmiddeldosering."	""	"technisch verslag bindmiddeldosering"	"Het technisch verslag van een aangewezen bindmiddeldosering."	""	""	""	""	""	""	""	""	"false"	"https://wegenenverkeer-test.data.vlaanderen.be/ns/proefenmeting#"	"ProefBindmiddeldosering.technischVerslagBindmiddeldosering"	"http://www.w3.org/2002/07/owl#ObjectProperty"	"https://wegenenverkeer-test.data.vlaanderen.be/ns/proefenmeting#ProefBindmiddeldosering"	"https://wegenenverkeer-test.data.vlaanderen.be/ns/implementatieelement#DtcDocument"	""	"1"	"1"
"attribute"	"OSLO-Proefenmeting"	"pctHolleruimte"	"{F94C698E-33AE-438c-9243-A83CBD2035A4}"	""	"ProefPctHolleruimte"	"{C5B807D9-654B-4609-AB68-99147CB4DB03}"	"DtcDocument"	"pct holleruimte"	"Het resultaat van het aantal percentage holleruimte meting aanwezig in de laag."	""	"pct holleruimte"	"Het resultaat van het aantal percentage holleruimte meting aanwezig in de laag."	""	""	""	""	""	""	""	""	"false"	"https://wegenenverkeer-test.data.vlaanderen.be/ns/proefenmeting#"	"ProefPctHolleruimte.pctHolleruimte"	"http://www.w3.org/2002/07/owl#ObjectProperty"	"https://wegenenverkeer-test.data.vlaanderen.be/ns/proefenmeting#ProefPctHolleruimte"	"https://wegenenverkeer-test.data.vlaanderen.be/ns/implementatieelement#DtcDocument"	""	"1"	"1"
"attribute"	"OSLO-Proefenmeting"	"hechtsterkte"	"{3B4AB068-319F-4dae-BE76-A74A4480F365}"	""	"ProefHechtsterkte"	"{E08A0CD9-D98C-4d5b-8E74-4D5E5D996AF3}"	"DtcDocument"	"hechtsterkte"	"Proef om de hechtsterkte van de laag te bepalen."	""	"hechtsterkte"	"Proef om de hechtsterkte van de laag te bepalen."	""	""	""	""	""	""	""	""	"false"	"https://wegenenverkeer-test.data.vlaanderen.be/ns/proefenmeting#"	"ProefHechtsterkte.hechtsterkte"	"http://www.w3.org/2002/07/owl#ObjectProperty"	"https://wegenenverkeer-test.data.vlaanderen.be/ns/proefenmeting#ProefHechtsterkte"	"https://wegenenverkeer-test.data.vlaanderen.be/ns/implementatieelement#DtcDocument"	""	"1"	"1"
"attribute"	"OSLO-Proefenmeting"	"verderOnderzoekTrekproef"	"{C9443B20-A37B-4341-8EC6-621342240566}"	""	"ProefVerderOnderzoekTrekproef"	"{3B540B1F-B7AF-44a6-B868-027208385988}"	"DtcDocument"	"verder onderzoek trekproef"	"Een trekproef is een niet-destructieve methode om de stabiliteit (gevoeligheid voor windworp) van
bomen te testen door een kunstmatige belasting op de stam te relateren met het kantelen van de
stamvoet."	""	"verder onderzoek trekproef"	"Een trekproef is een niet-destructieve methode om de stabiliteit (gevoeligheid voor windworp) van
bomen te testen door een kunstmatige belasting op de stam te relateren met het kantelen van de
stamvoet."	""	""	""	""	""	""	""	""	"false"	"https://wegenenverkeer-test.data.vlaanderen.be/ns/proefenmeting#"	"ProefVerderOnderzoekTrekproef.verderOnderzoekTrekproef"	"http://www.w3.org/2002/07/owl#ObjectProperty"	"https://wegenenverkeer-test.data.vlaanderen.be/ns/proefenmeting#ProefVerderOnderzoekTrekproef"	"https://wegenenverkeer-test.data.vlaanderen.be/ns/implementatieelement#DtcDocument"	""	"1"	"*"
"attribute"	"OSLO-Proefenmeting"	"inclusiefElektrisch"	"{738E45C4-136D-4b3b-AFB3-0A8CE1D533DD}"	""	"ProefNaderOnderzoekTomograaf"	"{85119C3B-1DD7-41e8-B1F4-C95245FCAB5B}"	"Boolean"	"inclusief elektrisch"	"Aanduiding of naast een geluidsweerstandstomografie ook een elektrische weerstandstomografie gebeurd is."	""	"inclusief elektrisch"	"Aanduiding of naast een geluidsweerstandstomografie ook een elektrische weerstandstomografie gebeurd is."	""	""	""	""	""	""	""	""	"false"	"https://wegenenverkeer-test.data.vlaanderen.be/ns/proefenmeting#"	"ProefNaderOnderzoekTomograaf.inclusiefElektrisch"	"http://www.w3.org/2002/07/owl#DatatypeProperty"	"https://wegenenverkeer-test.data.vlaanderen.be/ns/proefenmeting#ProefNaderOnderzoekTomograaf"	"http://www.w3.org/2001/XMLSchema#boolean"	""	"1"	"1"
"attribute"	"OSLO-Proefenmeting"	"naderOnderzoekTomograaf"	"{7F7D99D8-54E0-46dd-B09E-9E4DC7D53F32}"	""	"ProefNaderOnderzoekTomograaf"	"{85119C3B-1DD7-41e8-B1F4-C95245FCAB5B}"	"DtcDocument"	"nader onderzoek tomograaf"	"Het resultaat van de tomograaf proef."	""	"nader onderzoek tomograaf"	"Het resultaat van de tomograaf proef."	""	""	""	""	""	""	""	""	"false"	"https://wegenenverkeer-test.data.vlaanderen.be/ns/proefenmeting#"	"ProefNaderOnderzoekTomograaf.naderOnderzoekTomograaf"	"http://www.w3.org/2002/07/owl#ObjectProperty"	"https://wegenenverkeer-test.data.vlaanderen.be/ns/proefenmeting#ProefNaderOnderzoekTomograaf"	"https://wegenenverkeer-test.data.vlaanderen.be/ns/implementatieelement#DtcDocument"	""	"1"	"*"
"attribute"	"OSLO-Proefenmeting"	"retrotreflectiecoëfficiënt"	"{9680CD89-8B7C-44f6-A5ED-C39DF91A9381}"	""	"ProefZichtbaarheidBijNacht"	"{641FB5EE-15DF-47e7-8FF7-B23D6B4592BB}"	"Decimal"	"retrotreflectiecoëfficiënt"	"De maat voor het retroreflecterend vermogen van een markering bij nacht."	"uitgedrukt in mcd. m-2.lux-1"	"retrotreflectiecoëfficiënt"	"De maat voor het retroreflecterend vermogen van een markering bij nacht."	"uitgedrukt in mcd. m-2.lux-1"	""	""	""	""	""	""	""	"false"	"https://wegenenverkeer-test.data.vlaanderen.be/ns/proefenmeting#"	"ProefZichtbaarheidBijNacht.retrotreflectiecoëfficiënt"	"http://www.w3.org/2002/07/owl#ObjectProperty"	"https://wegenenverkeer-test.data.vlaanderen.be/ns/proefenmeting#ProefZichtbaarheidBijNacht"	"http://www.w3.org/2001/XMLSchema#decimal"	""	"1"	"1"
"attribute"	"OSLO-Proefenmeting"	"retroreflectie"	"{90D0D375-6824-423f-83F1-FD903B992AEF}"	""	"ProefRetroreflectie"	"{491B1F72-3340-4304-AEA0-66CFCF85C42F}"	"DtcDocument"	"retroreflectie"	"Proef om de retroreflectie van een verkeersbord te bepalen."	""	"retroreflectie"	"Proef om de retroreflectie van een verkeersbord te bepalen."	""	""	""	""	""	""	""	""	"false"	"https://wegenenverkeer-test.data.vlaanderen.be/ns/proefenmeting#"	"ProefRetroreflectie.retroreflectie"	"http://www.w3.org/2002/07/owl#ObjectProperty"	"https://wegenenverkeer-test.data.vlaanderen.be/ns/proefenmeting#ProefRetroreflectie"	"https://wegenenverkeer-test.data.vlaanderen.be/ns/implementatieelement#DtcDocument"	""	"1"	"1"
"attribute"	"OSLO-Proefenmeting"	"geluidsabsorptieReflectie"	"{312E5A65-3AD0-4bee-A180-194BFB2464DD}"	""	"DtcGeluidstestRapport"	"{CD04400F-41E2-4c89-ADD9-31FEE3EAB3D1}"	"Integer"	"geluidsabsorptie reflectie"	"De absorptie- of reflectiewaarde van het geluidsscherm als geheel getal."	""	"geluidsabsorptie reflectie"	"De absorptie- of reflectiewaarde van het geluidsscherm als geheel getal."	""	""	""	""	""	""	""	""	"false"	"https://wegenenverkeer-test.data.vlaanderen.be/ns/proefenmeting#"	"DtcGeluidstestRapport.geluidsabsorptieReflectie"	"http://www.w3.org/2002/07/owl#DatatypeProperty"	"https://wegenenverkeer-test.data.vlaanderen.be/ns/proefenmeting#DtcGeluidstestRapport"	"http://www.w3.org/2001/XMLSchema#integer"	""	"1"	"1"
"attribute"	"OSLO-Proefenmeting"	"gemetenWaarde"	"{57D83729-0755-40f1-A1F4-91D0219AF28B}"	""	"DtcGeluidstestRapport"	"{CD04400F-41E2-4c89-ADD9-31FEE3EAB3D1}"	"Integer"	"gemeten waarde"	"De sterkte van het geluid in dB."	""	"gemeten waarde"	"De sterkte van het geluid in dB."	""	""	""	""	""	""	""	""	"false"	"https://wegenenverkeer-test.data.vlaanderen.be/ns/proefenmeting#"	"DtcGeluidstestRapport.gemetenWaarde"	"http://www.w3.org/2002/07/owl#DatatypeProperty"	"https://wegenenverkeer-test.data.vlaanderen.be/ns/proefenmeting#DtcGeluidstestRapport"	"http://www.w3.org/2001/XMLSchema#integer"	""	"1"	"1"
"attribute"	"OSLO-Proefenmeting"	"locatieInSitulabo"	"{02CF4D3E-B67F-410f-A535-96BB972FD57B}"	""	"DtcGeluidstestRapport"	"{CD04400F-41E2-4c89-ADD9-31FEE3EAB3D1}"	"KlGCMeetMethode"	"locatie in situlabo"	"Locatie waar de geluidstest is uitgevoerd (terrein of labo)."	""	"locatie in situlabo"	"Locatie waar de geluidstest is uitgevoerd (terrein of labo)."	""	""	""	""	""	""	""	""	"false"	"https://wegenenverkeer-test.data.vlaanderen.be/ns/proefenmeting#"	"DtcGeluidstestRapport.locatieInSitulabo"	"http://www.w3.org/2002/07/owl#ObjectProperty"	"https://wegenenverkeer-test.data.vlaanderen.be/ns/proefenmeting#DtcGeluidstestRapport"	"http://www.w3.org/2004/02/skos/core#Concept"	""	"1"	"1"
"attribute"	"OSLO-Proefenmeting"	"luchtgeluidsisolatie"	"{958B96C6-5C16-401e-9ED1-3B5B9F2D38A5}"	""	"DtcGeluidstestRapport"	"{CD04400F-41E2-4c89-ADD9-31FEE3EAB3D1}"	"Integer"	"luchtgeluidsisolatie"	"De gemeten waarde van het  luchtgeluidsisiolatie van het geluidsscherm."	""	"luchtgeluidsisolatie"	"De gemeten waarde van het  luchtgeluidsisiolatie van het geluidsscherm."	""	""	""	""	""	""	""	""	"false"	"https://wegenenverkeer-test.data.vlaanderen.be/ns/proefenmeting#"	"DtcGeluidstestRapport.luchtgeluidsisolatie"	"http://www.w3.org/2002/07/owl#DatatypeProperty"	"https://wegenenverkeer-test.data.vlaanderen.be/ns/proefenmeting#DtcGeluidstestRapport"	"http://www.w3.org/2001/XMLSchema#integer"	""	"1"	"1"
"attribute"	"OSLO-Proefenmeting"	"norm"	"{D2E5513E-39ED-4fa9-8E34-C13337FFE5EF}"	""	"DtcGeluidstestRapport"	"{CD04400F-41E2-4c89-ADD9-31FEE3EAB3D1}"	"KlLEGCNorm"	"norm"	"De proef volgens de beschreven standaard."	""	"norm"	"De proef volgens de beschreven standaard."	""	""	""	""	""	""	""	""	"false"	"https://wegenenverkeer-test.data.vlaanderen.be/ns/proefenmeting#"	"DtcGeluidstestRapport.norm"	"http://www.w3.org/2002/07/owl#ObjectProperty"	"https://wegenenverkeer-test.data.vlaanderen.be/ns/proefenmeting#DtcGeluidstestRapport"	"http://www.w3.org/2004/02/skos/core#Concept"	""	"1"	"1"
"attribute"	"OSLO-Proefenmeting"	"testrapport"	"{0658CAAE-85E8-4559-9D17-EEA438C70F9F}"	""	"DtcGeluidstestRapport"	"{CD04400F-41E2-4c89-ADD9-31FEE3EAB3D1}"	"DtcDocument"	"testrapport"	"Documentbijlage met de resultaten van de test"	"Bestanden van het type xlsx of pdf."	"testrapport"	"Documentbijlage met de resultaten van de test"	"Bestanden van het type xlsx of pdf."	""	""	""	""	""	""	""	"false"	"https://wegenenverkeer-test.data.vlaanderen.be/ns/proefenmeting#"	"DtcGeluidstestRapport.testrapport"	"http://www.w3.org/2002/07/owl#ObjectProperty"	"https://wegenenverkeer-test.data.vlaanderen.be/ns/proefenmeting#DtcGeluidstestRapport"	"https://wegenenverkeer-test.data.vlaanderen.be/ns/implementatieelement#DtcDocument"	""	"1"	"*"
"attribute"	"OSLO-Proefenmeting"	"type"	"{4F389975-6BE6-4ae1-8539-362B6FC2EA6F}"	""	"DtcGeluidstestRapport"	"{CD04400F-41E2-4c89-ADD9-31FEE3EAB3D1}"	"KlLEGCTestType"	"type"	"Het type van de test."	""	"type"	"Het type van de test."	""	""	""	""	""	""	""	""	"false"	"https://wegenenverkeer-test.data.vlaanderen.be/ns/proefenmeting#"	"DtcGeluidstestRapport.type"	"http://www.w3.org/2002/07/owl#ObjectProperty"	"https://wegenenverkeer-test.data.vlaanderen.be/ns/proefenmeting#DtcGeluidstestRapport"	"http://www.w3.org/2004/02/skos/core#Concept"	""	"1"	"1"
"attribute"	"OSLO-Proefenmeting"	"geluidstestrapport"	"{E2BBA2EC-5A04-4bbe-9316-8ACE99283619}"	""	"ProefGeluidstest"	"{F1BE0824-2DE0-4592-88C1-172E6A45D55A}"	"DtcGeluidstestRapport"	"geluidstestrapport"	"Het resultaat geluidstest."	""	"geluidstestrapport"	"Het resultaat geluidstest."	""	""	""	""	""	""	""	""	"false"	"https://wegenenverkeer-test.data.vlaanderen.be/ns/proefenmeting#"	"ProefGeluidstest.geluidstestrapport"	"http://www.w3.org/2002/07/owl#ObjectProperty"	"https://wegenenverkeer-test.data.vlaanderen.be/ns/proefenmeting#ProefGeluidstest"	"https://wegenenverkeer-test.data.vlaanderen.be/ns/proefenmeting#DtcGeluidstestRapport"	""	"1"	"1"
"attribute"	"OSLO-Proefenmeting"	"textuurdiepte"	"{39089192-F0E6-4a5e-B11B-BF6A2655212E}"	""	"ProefTextuurdiepte"	"{CF057988-EDF4-4d2b-84BB-44089BF1A161}"	"DtcDocument"	"textuurdiepte"	"Proefresultaten van de textuurdiepte van de toplaag."	""	"textuurdiepte"	"Proefresultaten van de textuurdiepte van de toplaag."	""	""	""	""	""	""	""	""	"false"	"https://wegenenverkeer-test.data.vlaanderen.be/ns/proefenmeting#"	"ProefTextuurdiepte.textuurdiepte"	"http://www.w3.org/2002/07/owl#ObjectProperty"	"https://wegenenverkeer-test.data.vlaanderen.be/ns/proefenmeting#ProefTextuurdiepte"	"https://wegenenverkeer-test.data.vlaanderen.be/ns/implementatieelement#DtcDocument"	""	"1"	"1"
"attribute"	"OSLO-Proefenmeting"	"retrotreflectiecoëfficiënt"	"{F31C3BBE-9E96-482c-931C-C23E9F6154CA}"	""	"ProefZichtbaarheidBijNachtNatWegdek"	"{62ABAB02-96E5-4c6a-A5E7-53E355D881E4}"	"Decimal"	"retrotreflectiecoëfficiënt"	"De maat voor het retroreflecterend vermogen van een markering bij nacht bij nat wegdek"	"uitgedrukt in mcd. m-2.lux-1"	"retrotreflectiecoëfficiënt"	"De maat voor het retroreflecterend vermogen van een markering bij nacht bij nat wegdek"	"uitgedrukt in mcd. m-2.lux-1"	""	""	""	""	""	""	""	"false"	"https://wegenenverkeer-test.data.vlaanderen.be/ns/proefenmeting#"	"ProefZichtbaarheidBijNachtNatWegdek.retrotreflectiecoëfficiënt"	"http://www.w3.org/2002/07/owl#ObjectProperty"	"https://wegenenverkeer-test.data.vlaanderen.be/ns/proefenmeting#ProefZichtbaarheidBijNachtNatWegdek"	"http://www.w3.org/2001/XMLSchema#decimal"	""	"1"	"1"
"attribute"	"OSLO-Proefenmeting"	"kerendVermogen"	"{05213903-F27D-4398-A6E0-04E171A68F01}"	""	"ProefKerendVermogen"	"{D1C930BD-0693-482f-963A-006321D2D0E3}"	"KlLEACKerendVermogen"	"kerend vermogen"	"Het vermogen van een voertuigkering om een doorbraak bij een bepaald type crash te voorkomen."	""	"kerend vermogen"	"Het vermogen van een voertuigkering om een doorbraak bij een bepaald type crash te voorkomen."	""	""	""	""	""	""	""	""	"false"	"https://wegenenverkeer-test.data.vlaanderen.be/ns/proefenmeting#"	"ProefKerendVermogen.kerendVermogen"	"http://www.w3.org/2002/07/owl#ObjectProperty"	"https://wegenenverkeer-test.data.vlaanderen.be/ns/proefenmeting#ProefKerendVermogen"	"http://www.w3.org/2004/02/skos/core#Concept"	""	"1"	"1"
"attribute"	"OSLO-Proefenmeting"	"effectiefBindmiddelgehalte"	"{8B60A983-73FF-4515-9DA6-5762CDA6ADE2}"	""	"ProefEffectiefBindmiddelgehalte"	"{0D0F2C17-5E6E-43d8-97C1-37A87C359183}"	"DtcDocument"	"effectief bindmiddelgehalte"	"Het resultaat van de test van het gemeten effectief bindmiddelgehalte in de BV laag."	""	"effectief bindmiddelgehalte"	"Het resultaat van de test van het gemeten effectief bindmiddelgehalte in de BV laag."	""	""	""	""	""	""	""	""	"false"	"https://wegenenverkeer-test.data.vlaanderen.be/ns/proefenmeting#"	"ProefEffectiefBindmiddelgehalte.effectiefBindmiddelgehalte"	"http://www.w3.org/2002/07/owl#ObjectProperty"	"https://wegenenverkeer-test.data.vlaanderen.be/ns/proefenmeting#ProefEffectiefBindmiddelgehalte"	"https://wegenenverkeer-test.data.vlaanderen.be/ns/implementatieelement#DtcDocument"	""	"1"	"1"
"attribute"	"OSLO-Proefenmeting"	"bepalingGrondkarakteristieken"	"{123AB915-D31F-46d6-A884-3C918069E50A}"	""	"ProefGrondkarakteristieken"	"{3615AD87-9179-43f6-95D7-F59278C0B916}"	"DtcDocument"	"bepaling grondkarakteristieken"	"Proef met de resultaten van de grondkarakteristieken."	""	"bepaling grondkarakteristieken"	"Proef met de resultaten van de grondkarakteristieken."	""	""	""	""	""	""	""	""	"false"	"https://wegenenverkeer-test.data.vlaanderen.be/ns/proefenmeting#"	"ProefGrondkarakteristieken.bepalingGrondkarakteristieken"	"http://www.w3.org/2002/07/owl#ObjectProperty"	"https://wegenenverkeer-test.data.vlaanderen.be/ns/proefenmeting#ProefGrondkarakteristieken"	"https://wegenenverkeer-test.data.vlaanderen.be/ns/implementatieelement#DtcDocument"	""	"1"	"1"
"attribute"	"OSLO-Proefenmeting"	"retrotreflectiecoëfficiënt"	"{538CEBD5-FDBC-4d93-964B-47734347A75F}"	""	"ProefZichtbaarheidBijNachtRegenweer"	"{5A2A38A9-22AE-4cdf-B5D5-D2C906D8A74B}"	"Decimal"	"retrotreflectiecoëfficiënt"	"De maat voor het retroreflecterend vermogen van een markering bij nacht bij nat weer (tijdens regenbui)."	"uitgedrukt in mcd. m-2.lux-1"	"retrotreflectiecoëfficiënt"	"De maat voor het retroreflecterend vermogen van een markering bij nacht bij nat weer (tijdens regenbui)."	"uitgedrukt in mcd. m-2.lux-1"	""	""	""	""	""	""	""	"false"	"https://wegenenverkeer-test.data.vlaanderen.be/ns/proefenmeting#"	"ProefZichtbaarheidBijNachtRegenweer.retrotreflectiecoëfficiënt"	"http://www.w3.org/2002/07/owl#ObjectProperty"	"https://wegenenverkeer-test.data.vlaanderen.be/ns/proefenmeting#ProefZichtbaarheidBijNachtRegenweer"	"http://www.w3.org/2001/XMLSchema#decimal"	""	"1"	"1"
"attribute"	"OSLO-Proefenmeting"	"vlakheid"	"{09135648-1FF1-4ccb-BAE2-CBEEBBD2ABF6}"	""	"ProefVlakheid"	"{0908FE15-DA07-4bc0-A786-DD5ABC82BB4F}"	"DtcDocument"	"vlakheid"	"Proefresultaten van de vlakheid"	""	"vlakheid"	"Proefresultaten van de vlakheid"	""	""	""	""	""	""	""	""	"false"	"https://wegenenverkeer-test.data.vlaanderen.be/ns/proefenmeting#"	"ProefVlakheid.vlakheid"	"http://www.w3.org/2002/07/owl#ObjectProperty"	"https://wegenenverkeer-test.data.vlaanderen.be/ns/proefenmeting#ProefVlakheid"	"https://wegenenverkeer-test.data.vlaanderen.be/ns/implementatieelement#DtcDocument"	""	"1"	"1"
"attribute"	"OSLO-Proefenmeting"	"gemetenDikte"	"{9EC49CCB-B841-4d9b-BC12-6A1871009653}"	""	"ProefGemetenDikte"	"{6C368487-AA79-4bb4-A9EF-1DEA9335FE65}"	"KwantWrdInCentimeter"	"Proef gemeten dikte"	"De gemeten dikte van de laag in centimeter."	""	"Proef gemeten dikte"	"De gemeten dikte van de laag in centimeter."	""	""	""	""	""	""	""	""	"false"	"https://wegenenverkeer-test.data.vlaanderen.be/ns/proefenmeting#"	"ProefGemetenDikte.gemetenDikte"	"http://www.w3.org/2002/07/owl#ObjectProperty"	"https://wegenenverkeer-test.data.vlaanderen.be/ns/proefenmeting#ProefGemetenDikte"	"https://wegenenverkeer-test.data.vlaanderen.be/ns/implementatieelement#KwantWrdInCentimeter"	""	"1"	"1"
"attribute"	"OSLO-Proefenmeting"	"weerstandAfschilfering"	"{708550D6-C255-43a1-A73F-ABF8964C3E77}"	""	"ProefWeerstandAfschilfering"	"{BED46A70-B61E-4615-9470-7D57211FC09E}"	"DtcDocument"	"weerstand afschilfering"	"Proef om de weerstand/afschilfering van de laag te bepalen."	""	"weerstand afschilfering"	"Proef om de weerstand/afschilfering van de laag te bepalen."	""	""	""	""	""	""	""	""	"false"	"https://wegenenverkeer-test.data.vlaanderen.be/ns/proefenmeting#"	"ProefWeerstandAfschilfering.weerstandAfschilfering"	"http://www.w3.org/2002/07/owl#ObjectProperty"	"https://wegenenverkeer-test.data.vlaanderen.be/ns/proefenmeting#ProefWeerstandAfschilfering"	"https://wegenenverkeer-test.data.vlaanderen.be/ns/implementatieelement#DtcDocument"	""	"1"	"1"
"attribute"	"OSLO-Proefenmeting"	"dwarsvlakheid"	"{A56A6BEE-6D2A-40ea-9797-C3B2FACC828C}"	""	"ProefDwarsvlakheid"	"{4857535C-1EB6-4a03-8C45-3414E05C9FA0}"	"DtcDocument"	"dwarsvlakheid"	"Proefresultaten van de dwarsvlakheid."	""	"dwarsvlakheid"	"Proefresultaten van de dwarsvlakheid."	""	""	""	""	""	""	""	""	"false"	"https://wegenenverkeer-test.data.vlaanderen.be/ns/proefenmeting#"	"ProefDwarsvlakheid.dwarsvlakheid"	"http://www.w3.org/2002/07/owl#ObjectProperty"	"https://wegenenverkeer-test.data.vlaanderen.be/ns/proefenmeting#ProefDwarsvlakheid"	"https://wegenenverkeer-test.data.vlaanderen.be/ns/implementatieelement#DtcDocument"	""	"1"	"1"
"attribute"	"OSLO-Proefenmeting"	"visueleBeoordeling"	"{0BCA88D4-0753-46bb-B785-97C010D1614F}"	""	"ProefVisueleBeoordeling"	"{7B78870D-3129-47fd-AECA-6F83CFAD2894}"	"DtcDocument"	"visuele beoordeling"	"Een rapport van de visuele beoordeling van de laag."	""	"visuele beoordeling"	"Een rapport van de visuele beoordeling van de laag."	""	""	""	""	""	""	""	""	"false"	"https://wegenenverkeer-test.data.vlaanderen.be/ns/proefenmeting#"	"ProefVisueleBeoordeling.visueleBeoordeling"	"http://www.w3.org/2002/07/owl#ObjectProperty"	"https://wegenenverkeer-test.data.vlaanderen.be/ns/proefenmeting#ProefVisueleBeoordeling"	"https://wegenenverkeer-test.data.vlaanderen.be/ns/implementatieelement#DtcDocument"	""	"1"	"1"
"attribute"	"OSLO-Proefenmeting"	"datum"	"{88C6D33C-4B20-4917-BBF5-E3D75F989253}"	""	"Keuring"	"{0D52A028-9173-404c-AC6F-0DF24972A390}"	"Date"	"keuringsdatum"	"De datum waarop de keuring werd uitgevoerd."	""	"keuringsdatum"	"De datum waarop de keuring werd uitgevoerd."	""	""	""	""	""	""	""	""	"false"	"https://wegenenverkeer-test.data.vlaanderen.be/ns/proefenmeting#"	"Keuring.datum"	"http://www.w3.org/2002/07/owl#DatatypeProperty"	"https://wegenenverkeer-test.data.vlaanderen.be/ns/proefenmeting#Keuring"	"http://www.w3.org/2001/XMLSchema#date"	""	"1"	"1"
"attribute"	"OSLO-Proefenmeting"	"geldigheidsDuur"	"{A8E0D212-D88B-4f8b-83DF-872CE954B1D0}"	""	"Keuring"	"{0D52A028-9173-404c-AC6F-0DF24972A390}"	"KwantWrdInJaar"	"geldigheidsduur"	"de periode (in jaar) waarbinnen de keuring geldig blijft. "	""	"geldigheidsduur"	"de periode (in jaar) waarbinnen de keuring geldig blijft. "	""	""	""	""	""	""	""	""	"false"	"https://wegenenverkeer-test.data.vlaanderen.be/ns/proefenmeting#"	"Keuring.geldigheidsDuur"	"http://www.w3.org/2002/07/owl#ObjectProperty"	"https://wegenenverkeer-test.data.vlaanderen.be/ns/proefenmeting#Keuring"	"https://wegenenverkeer-test.data.vlaanderen.be/ns/implementatieelement#KwantWrdInJaar"	""	"1"	"1"
"attribute"	"OSLO-Proefenmeting"	"verslag"	"{337F0CE9-1EE7-4046-8EA8-C5ABBD03835F}"	""	"Keuring"	"{0D52A028-9173-404c-AC6F-0DF24972A390}"	"DtcDocument"	"keuringsverslag"	"document met het verslag van de keuring"	""	"keuringsverslag"	"document met het verslag van de keuring"	""	""	""	""	""	""	""	""	"false"	"https://wegenenverkeer-test.data.vlaanderen.be/ns/proefenmeting#"	"Keuring.verslag"	"http://www.w3.org/2002/07/owl#ObjectProperty"	"https://wegenenverkeer-test.data.vlaanderen.be/ns/proefenmeting#Keuring"	"https://wegenenverkeer-test.data.vlaanderen.be/ns/implementatieelement#DtcDocument"	""	"1"	"1"
"attribute"	"OSLO-Proefenmeting"	"meterstandPiek"	"{E5EDDB66-A07C-4a0a-AF25-7DD1393A6EC0}"	""	"MeteropnameEnergiemeterGecombineerd"	"{AC9F4EA0-A355-4df3-B5D1-21A1AC763336}"	"KwantWrdInKiloWatt"	"meterstand piek"	"De stand van de energiemeter waarmee het piekvermogen gemeten wordt."	""	"meterstand piek"	"De stand van de energiemeter waarmee het piekvermogen gemeten wordt."	""	""	""	""	""	""	""	""	"false"	"https://wegenenverkeer-test.data.vlaanderen.be/ns/proefenmeting#"	"MeteropnameEnergiemeterGecombineerd.meterstandPiek"	"http://www.w3.org/2002/07/owl#ObjectProperty"	"https://wegenenverkeer-test.data.vlaanderen.be/ns/proefenmeting#MeteropnameEnergiemeterGecombineerd"	"https://wegenenverkeer-test.data.vlaanderen.be/ns/implementatieelement#KwantWrdInKiloWatt"	""	"1"	"1"
"attribute"	"OSLO-Proefenmeting"	"meterstandReactiefVermogenDag"	"{12FEA424-0A08-461d-BB19-28F3597C8E52}"	""	"MeteropnameEnergiemeterGecombineerd"	"{AC9F4EA0-A355-4df3-B5D1-21A1AC763336}"	"KwantWrdInkVARh"	"dag-meterstand reactief vermogen"	"De stand van de dag-energiemeter waarmee het reactief vermogen gemeten wordt."	""	"dag-meterstand reactief vermogen"	"De stand van de dag-energiemeter waarmee het reactief vermogen gemeten wordt."	""	""	""	""	""	""	""	""	"false"	"https://wegenenverkeer-test.data.vlaanderen.be/ns/proefenmeting#"	"MeteropnameEnergiemeterGecombineerd.meterstandReactiefVermogenDag"	"http://www.w3.org/2002/07/owl#ObjectProperty"	"https://wegenenverkeer-test.data.vlaanderen.be/ns/proefenmeting#MeteropnameEnergiemeterGecombineerd"	"https://wegenenverkeer-test.data.vlaanderen.be/ns/implementatieelement#KwantWrdInkVARh"	""	"1"	"1"
"attribute"	"OSLO-Proefenmeting"	"meterstandReactiefVermogenNacht"	"{111CE6FF-AB53-4c69-A459-44C3A5AB7484}"	""	"MeteropnameEnergiemeterGecombineerd"	"{AC9F4EA0-A355-4df3-B5D1-21A1AC763336}"	"KwantWrdInkVARh"	"nacht-meterstand reactief vermogen"	"De stand van de nacht-energiemeter waarmee het reactief vermogen gemeten wordt."	""	"nacht-meterstand reactief vermogen"	"De stand van de nacht-energiemeter waarmee het reactief vermogen gemeten wordt."	""	""	""	""	""	""	""	""	"false"	"https://wegenenverkeer-test.data.vlaanderen.be/ns/proefenmeting#"	"MeteropnameEnergiemeterGecombineerd.meterstandReactiefVermogenNacht"	"http://www.w3.org/2002/07/owl#ObjectProperty"	"https://wegenenverkeer-test.data.vlaanderen.be/ns/proefenmeting#MeteropnameEnergiemeterGecombineerd"	"https://wegenenverkeer-test.data.vlaanderen.be/ns/implementatieelement#KwantWrdInkVARh"	""	"1"	"1"
"attribute"	"OSLO-Proefenmeting"	"datumMeterstand"	"{915D52F8-B099-4958-9399-69C1CBA9F16E}"	""	"MeteropnameEnergiemeter"	"{C52285C2-0160-468d-A1EA-0033C7E7A108}"	"Date"	"datum meterstand dag"	"De datum van de laatste meteropname van de energiemeter."	""	"datum meterstand dag"	"De datum van de laatste meteropname van de energiemeter."	""	""	""	""	""	""	""	""	"false"	"https://wegenenverkeer-test.data.vlaanderen.be/ns/proefenmeting#"	"MeteropnameEnergiemeter.datumMeterstand"	"http://www.w3.org/2002/07/owl#DatatypeProperty"	"https://wegenenverkeer-test.data.vlaanderen.be/ns/proefenmeting#MeteropnameEnergiemeter"	"http://www.w3.org/2001/XMLSchema#date"	""	"1"	"1"
"attribute"	"OSLO-Proefenmeting"	"meterstandDag"	"{1F3FC401-9389-42fd-97BE-96D41A434AB3}"	""	"MeteropnameEnergiemeter"	"{C52285C2-0160-468d-A1EA-0033C7E7A108}"	"KwantWrdInkWh"	"meterstand dag"	"De meterstand bij de laatste meteropname van de dag-energiemeter.
"	""	"meterstand dag"	"De meterstand bij de laatste meteropname van de dag-energiemeter.
"	""	""	""	""	""	""	""	""	"false"	"https://wegenenverkeer-test.data.vlaanderen.be/ns/proefenmeting#"	"MeteropnameEnergiemeter.meterstandDag"	"http://www.w3.org/2002/07/owl#ObjectProperty"	"https://wegenenverkeer-test.data.vlaanderen.be/ns/proefenmeting#MeteropnameEnergiemeter"	"https://wegenenverkeer-test.data.vlaanderen.be/ns/implementatieelement#KwantWrdInkWh"	""	"1"	"1"
"attribute"	"OSLO-Proefenmeting"	"meterstandNacht"	"{B817FF59-F3E5-4618-82FE-BA8F7FF09F13}"	""	"MeteropnameEnergiemeter"	"{C52285C2-0160-468d-A1EA-0033C7E7A108}"	"KwantWrdInkWh"	"meterstand nacht"	"De meterstand bij de laatste meteropname van de nacht-energiemeter."	""	"meterstand nacht"	"De meterstand bij de laatste meteropname van de nacht-energiemeter."	""	""	""	""	""	""	""	""	"false"	"https://wegenenverkeer-test.data.vlaanderen.be/ns/proefenmeting#"	"MeteropnameEnergiemeter.meterstandNacht"	"http://www.w3.org/2002/07/owl#ObjectProperty"	"https://wegenenverkeer-test.data.vlaanderen.be/ns/proefenmeting#MeteropnameEnergiemeter"	"https://wegenenverkeer-test.data.vlaanderen.be/ns/implementatieelement#KwantWrdInkWh"	""	"1"	"1"
