"EA-Type"	"EA-Package"	"EA-Name"	"EA-GUID"	"EA-Parent"	"EA-Domain"	"EA-Domain-GUID"	"EA-Range"	"label"	"definition"	"usage"	"ap-label-nl"	"ap-definition-nl"	"ap-usageNote-nl"	"ap-codelist"	"external term"	"namespace"	"localname"	"type"	"domain"	"range"	"parent"	"min card"	"max card"
"Package"	""	"OSLO-Tunnelevacuatie"	"{7134C08C-7E98-4b14-BC98-E5FF923F3FAD}"	""	""	""	""	""	""	""	""	""	""	""	""	"http://"	"fixme.com"	"http://www.w3.org/2002/07/owl#Ontology"	""	""	""	""	""
"CLASS"	"OSLO-Abstracten"	"ConstructieElement"	"{536151CA-A3D3-46df-BB69-AC7B34BA696F}"	""	""	""	""	"Constructie element"	"Abstracte voor de verschillende constructie elementen."	""	"Constructie element"	"Abstracte voor de verschillende constructie elementen."	""	""	"true"	"https://wegenenverkeer-test.data.vlaanderen.be/ns/abstracten#"	"ConstructieElement"	"http://www.w3.org/2000/01/rdf-schema#Class"	""	""	"https://wegenenverkeer-test.data.vlaanderen.be/ns/implementatieelement#AIMObject"	""	""
"CLASS"	"OSLO-Onderdeel"	"Geleidingsverlichting"	"{01823874-F9AD-460f-9B89-608C21CA24CB}"	""	""	""	""	"Geleidingsverlichting"	"Verlichting die de gestrande weggebruiker begeleiding biedt op handhoogte langs de vluchtroute tot aan een vluchtdeur of tot aan een veilige locatie."	""	"Geleidingsverlichting"	"Verlichting die de gestrande weggebruiker begeleiding biedt op handhoogte langs de vluchtroute tot aan een vluchtdeur of tot aan een veilige locatie."	""	""	"true"	"https://wegenenverkeer-test.data.vlaanderen.be/ns/onderdeel#"	"Geleidingsverlichting"	"http://www.w3.org/2000/01/rdf-schema#Class"	""	""	""	""	""
"CLASS"	"OSLO-Onderdeel"	"IOKaart"	"{3865449D-9B40-4356-B84C-24ADC71823D7}"	""	""	""	""	"IO-Kaart"	"Een kaart of module die gebruikt wordt voor de ingang of uitgang van een verwerkingseenheid (bv. een PLC). Op de IO-kaart worden perifere toestellen en sensoren aangesloten."	""	"IO-Kaart"	"Een kaart of module die gebruikt wordt voor de ingang of uitgang van een verwerkingseenheid (bv. een PLC). Op de IO-kaart worden perifere toestellen en sensoren aangesloten."	""	""	"true"	"https://wegenenverkeer-test.data.vlaanderen.be/ns/onderdeel#"	"IOKaart"	"http://www.w3.org/2000/01/rdf-schema#Class"	""	""	"https://wegenenverkeer-test.data.vlaanderen.be/ns/implementatieelement#AIMObject"	""	""
"CLASS"	"OSLO-Abstracten"	"Deur"	"{FD66DE9C-ABFD-4357-8B21-A31491B89E0B}"	""	""	""	""	"Deur"	"Een beweegbaar element ter afsluiting van een ruimte. In een gebouw is een deur meestal bevestigd in een kozijn,dat weer in een muur of wand is aangebracht."	""	"Deur"	"Een beweegbaar element ter afsluiting van een ruimte. In een gebouw is een deur meestal bevestigd in een kozijn,dat weer in een muur of wand is aangebracht."	""	""	"true"	"https://wegenenverkeer-test.data.vlaanderen.be/ns/abstracten#"	"Deur"	"http://www.w3.org/2000/01/rdf-schema#Class"	""	""	""	""	""
"CLASS"	"OSLO-Onderdeel"	"Pictogram"	"{7E36363D-13DA-41d4-AA36-E80C75AB9DA1}"	""	""	""	""	"Pictogram"	"Een bord dat een symbool of afbeelding bevat dat de plaats inneemt van een tekst."	""	"Pictogram"	"Een bord dat een symbool of afbeelding bevat dat de plaats inneemt van een tekst."	""	""	"true"	"https://wegenenverkeer-test.data.vlaanderen.be/ns/onderdeel#"	"Pictogram"	"http://www.w3.org/2000/01/rdf-schema#Class"	""	""	"https://wegenenverkeer-test.data.vlaanderen.be/ns/implementatieelement#AIMObject"	""	""
"CLASS"	"OSLO-Onderdeel"	"DynamischeVluchtwegindicatie"	"{275C1DE0-3B4A-4bad-A2AD-8F7285EC4942}"	""	""	""	""	"Dynamische vluchtwegindicatie"	"Armaturen die ingezet worden indien er alternatieve vluchtconcepten worden toegepast. De vluchtroute loopt dan meestal gedeeltelijk door de ondersteunende koker. De borden geven de te volgen vluchtroute aan en zijn pas zichtbaar zodra ze worden ingeschakeld. Bij evacuatie kan er ook een extra ondersteunende omroepbericht worden ingezet."	""	"Dynamische vluchtwegindicatie"	"Armaturen die ingezet worden indien er alternatieve vluchtconcepten worden toegepast. De vluchtroute loopt dan meestal gedeeltelijk door de ondersteunende koker. De borden geven de te volgen vluchtroute aan en zijn pas zichtbaar zodra ze worden ingeschakeld. Bij evacuatie kan er ook een extra ondersteunende omroepbericht worden ingezet."	""	""	"true"	"https://wegenenverkeer-test.data.vlaanderen.be/ns/onderdeel#"	"DynamischeVluchtwegindicatie"	"http://www.w3.org/2000/01/rdf-schema#Class"	""	""	"https://wegenenverkeer-test.data.vlaanderen.be/ns/implementatieelement#AIMObject"	""	""
"CLASS"	"OSLO-Onderdeel"	"Contourverlichting"	"{459EA33C-6780-43ec-A793-168D58827E98}"	""	""	""	""	"Contourverlichting"	"Groene ledstrip verlichting die de vluchtdeur omrand en zo de visibiliteit van de vluchtdeur en de vluchtweg vergroot"	""	"Contourverlichting"	"Groene ledstrip verlichting die de vluchtdeur omrand en zo de visibiliteit van de vluchtdeur en de vluchtweg vergroot"	""	""	"true"	"https://wegenenverkeer-test.data.vlaanderen.be/ns/onderdeel#"	"Contourverlichting"	"http://www.w3.org/2000/01/rdf-schema#Class"	""	""	"https://wegenenverkeer-test.data.vlaanderen.be/ns/implementatieelement#AIMObject"	""	""
"CLASS"	"OSLO-Onderdeel"	"Vluchtdeur"	"{ACB4BACC-F628-4235-9D30-1F9218848DC3}"	"Deur"	""	""	""	"Vluchtdeur"	"Deur voor het ontvluchten in geval van calamiteiten weg van de incidentlocatie naar een veilige zone. Een vluchtdeur wordt onder alle omstandigheden zonder sleutel geopend en dit met beperkt kracht."	""	"Vluchtdeur"	"Deur voor het ontvluchten in geval van calamiteiten weg van de incidentlocatie naar een veilige zone. Een vluchtdeur wordt onder alle omstandigheden zonder sleutel geopend en dit met beperkt kracht."	""	""	"true"	"https://wegenenverkeer-test.data.vlaanderen.be/ns/onderdeel#"	"Vluchtdeur"	"http://www.w3.org/2000/01/rdf-schema#Class"	""	""	"https://wegenenverkeer-test.data.vlaanderen.be/ns/implementatieelement#AIMObject, https://wegenenverkeer-test.data.vlaanderen.be/ns/abstracten#Deur"	""	""
"CLASS"	"OSLO-Onderdeel"	"Aanstraalverlichting"	"{4E25F887-753B-430c-97CB-27728B7A445B}"	""	""	""	""	"Aanstraalverlichting"	"Lamp met fel gebundeld licht die het verlicht gebied duidelijk zichtbaar maakt."	""	"Aanstraalverlichting"	"Lamp met fel gebundeld licht die het verlicht gebied duidelijk zichtbaar maakt."	""	""	"true"	"https://wegenenverkeer-test.data.vlaanderen.be/ns/onderdeel#"	"Aanstraalverlichting"	"http://www.w3.org/2000/01/rdf-schema#Class"	""	""	"https://wegenenverkeer-test.data.vlaanderen.be/ns/implementatieelement#AIMObject"	""	""
"CLASS"	"OSLO-Onderdeel"	"InwendigVerlichtPictogram"	"{1DB1D348-7B5E-4693-BA89-822A4F70E30E}"	""	""	""	""	"Inwendig verlicht pictogram"	"Verlichtingstoestel om de aandacht te vestigen op een pictogram dat erop bevestigd is."	""	"Inwendig verlicht pictogram"	"Verlichtingstoestel om de aandacht te vestigen op een pictogram dat erop bevestigd is."	""	""	"true"	"https://wegenenverkeer-test.data.vlaanderen.be/ns/onderdeel#"	"InwendigVerlichtPictogram"	"http://www.w3.org/2000/01/rdf-schema#Class"	""	""	"https://wegenenverkeer-test.data.vlaanderen.be/ns/implementatieelement#AIMObject"	""	""
"CLASS"	"OSLO-Abstracten"	"BekledingComponent"	"{4300F563-04FA-4b56-B498-0720CED0DBBC}"	""	""	""	""	"Bekleding component"	"Abstracte voor componenten die als bekleding worden bevestigd op andere elementen."	""	"Bekleding component"	"Abstracte voor componenten die als bekleding worden bevestigd op andere elementen."	""	""	"true"	"https://wegenenverkeer-test.data.vlaanderen.be/ns/abstracten#"	"BekledingComponent"	"http://www.w3.org/2000/01/rdf-schema#Class"	""	""	""	""	""
"CLASS"	"OSLO-Onderdeel"	"Stroomkring"	"{8491F890-D84D-4f52-9FC0-B8BAF321B465}"	""	""	""	""	"Stroomkring"	"Ook wel vertrek of vertrekkende kabel genoemd. Afgezekerde elektrische geleiders waarmee de applicaties voorzien worden van de nodige voeding"	""	"Stroomkring"	"Ook wel vertrek of vertrekkende kabel genoemd. Afgezekerde elektrische geleiders waarmee de applicaties voorzien worden van de nodige voeding"	""	""	"true"	"https://wegenenverkeer-test.data.vlaanderen.be/ns/onderdeel#"	"Stroomkring"	"http://www.w3.org/2000/01/rdf-schema#Class"	""	""	"https://wegenenverkeer-test.data.vlaanderen.be/ns/implementatieelement#AIMNaamObject"	""	""
"CLASS"	"OSLO-Implementatieelement"	"AIMObject"	"{88503FAE-2021-462b-A7F8-0159BE43D56A}"	""	""	""	""	"AIM object"	"Abstracte als de basisklasse voor alle uniek geïdentificeerde OTL objecten met de basiseigenschappen die elk OTL object minstens heeft."	""	"AIM object"	"Abstracte als de basisklasse voor alle uniek geïdentificeerde OTL objecten met de basiseigenschappen die elk OTL object minstens heeft."	""	""	"true"	"https://wegenenverkeer-test.data.vlaanderen.be/ns/implementatieelement#"	"AIMObject"	"http://www.w3.org/2000/01/rdf-schema#Class"	""	""	"https://wegenenverkeer-test.data.vlaanderen.be/ns/implementatieelement#AIMToestand, https://wegenenverkeer-test.data.vlaanderen.be/ns/implementatieelement#AIMDBStatus"	""	""
"CLASS"	"OSLO-Implementatieelement"	"AIMToestand"	"{A15866FB-94B6-4938-AAD6-552F4D5AEEF9}"	""	""	""	""	"AIM Toestand"	"Voegt een attribuut toe aan de subklasse dat de huidige stand in de levenscyclus van het object aangeeft."	""	"AIM Toestand"	"Voegt een attribuut toe aan de subklasse dat de huidige stand in de levenscyclus van het object aangeeft."	""	""	"true"	"https://wegenenverkeer-test.data.vlaanderen.be/ns/implementatieelement#"	"AIMToestand"	"http://www.w3.org/2000/01/rdf-schema#Class"	""	""	""	""	""
"CLASS"	"OSLO-Implementatieelement"	"AIMDBStatus"	"{C69C60D8-2A25-4059-A97C-88B4F945C0F4}"	""	""	""	""	"AIM databank status"	"Voegt een attribuut toe aan de subklasse dat aangeeft of de asset zichtbaar is in de databank of (zacht) verwijderd is."	""	"AIM databank status"	"Voegt een attribuut toe aan de subklasse dat aangeeft of de asset zichtbaar is in de databank of (zacht) verwijderd is."	""	""	"true"	"https://wegenenverkeer-test.data.vlaanderen.be/ns/implementatieelement#"	"AIMDBStatus"	"http://www.w3.org/2000/01/rdf-schema#Class"	""	""	""	""	""
"CLASS"	"OSLO-Implementatieelement"	"AIMNaamObject"	"{36C589DA-0DFB-4b23-9DCC-F70E81EF57DB}"	""	""	""	""	"AIM naam object"	"Abstracte als de basisklasse voor elk OTL object dat benoemd wordt met een mensleesbare identificator."	""	"AIM naam object"	"Abstracte als de basisklasse voor elk OTL object dat benoemd wordt met een mensleesbare identificator."	""	""	"true"	"https://wegenenverkeer-test.data.vlaanderen.be/ns/implementatieelement#"	"AIMNaamObject"	"http://www.w3.org/2000/01/rdf-schema#Class"	""	""	"https://wegenenverkeer-test.data.vlaanderen.be/ns/implementatieelement#AIMObject"	""	""
"DATATYPE"	"OSLO-Implementatieelement"	"DtcIdentificator"	"{4FE8FD6F-EC29-453d-B38A-79775D658E87}"	""	""	""	""	"Identificator"	"Complex datatype voor de identificator van een AIM object volgens de bron van de identificator."	""	"Identificator"	"Complex datatype voor de identificator van een AIM object volgens de bron van de identificator."	""	""	"true"	"https://wegenenverkeer-test.data.vlaanderen.be/ns/implementatieelement#"	"DtcIdentificator"	"http://www.w3.org/2000/01/rdf-schema#Class"	""	""	""	""	""
"DATATYPE"	"W3-XML-Schema"	"String"	"{C3E7CAE9-2DA3-451d-865E-2F91072A1CAE}"	""	""	""	""	"String"	"Beschrijft een tekstregel volgens http://www.w3.org/2001/XMLSchema#string"	"https://www.w3.org/TR/xmlschema-2/#string"	"String"	"Beschrijft een tekstregel volgens http://www.w3.org/2001/XMLSchema#string"	""	""	"true"	"http://www.w3.org/2001/XMLSchema#"	"string"	"http://www.w3.org/2000/01/rdf-schema#Class"	""	""	""	""	""
"DATATYPE"	"W3-XML-Schema"	"Date"	"{C005B3EE-A9F5-4620-BCBE-90FA66B1C50B}"	""	""	""	""	"Datum"	"Beschrijft een datum volgens http://www.w3.org/2001/XMLSchema#date"	"https://www.w3.org/TR/xmlschema-2/#date"	"Datum"	"Beschrijft een datum volgens http://www.w3.org/2001/XMLSchema#date"	""	""	"true"	"http://www.w3.org/2001/XMLSchema#"	"date"	"http://www.w3.org/2000/01/rdf-schema#Class"	""	""	""	""	""
"DATATYPE"	"W3-XML-Schema"	"AnyURI"	"{ECA74613-AA12-4fc5-8B42-68C4A4BF05D4}"	""	""	""	""	"URI"	"Een tekstwaarde die een verwijzing naar meer informatie van het element bevat volgens http://www.w3.org/2001/XMLSchema#anyURI ."	"https://www.w3.org/TR/xmlschema-2/#anyURI"	"URI"	"Een tekstwaarde die een verwijzing naar meer informatie van het element bevat volgens http://www.w3.org/2001/XMLSchema#anyURI ."	""	""	"true"	"http://www.w3.org/2001/XMLSchema#"	"anyURI"	"http://www.w3.org/2000/01/rdf-schema#Class"	""	""	""	""	""
"DATATYPE"	"W3-XML-Schema"	"Boolean"	"{E0DFE3EE-116F-4aac-A384-17FAFEDA28E6}"	""	""	""	""	"Boolean"	"Beschrijft een boolean volgens http://www.w3.org/2001/XMLSchema#boolean"	"https://www.w3.org/TR/xmlschema-2/#boolean"	"Boolean"	"Beschrijft een boolean volgens http://www.w3.org/2001/XMLSchema#boolean"	""	""	"true"	"http://www.w3.org/2001/XMLSchema#"	"boolean"	"http://www.w3.org/2000/01/rdf-schema#Class"	""	""	""	""	""
"DATATYPE"	"OSLO-Implementatieelement"	"DtcAfmetingBxhInM"	"{E31105A3-AB09-42ef-AE5D-7A1E9B951A1E}"	""	""	""	""	"Afmeting bxh in meter"	"Complex datatype voor de afmeting van de breedte en hoogte in meter."	""	"Afmeting bxh in meter"	"Complex datatype voor de afmeting van de breedte en hoogte in meter."	""	""	"true"	"https://wegenenverkeer-test.data.vlaanderen.be/ns/implementatieelement#"	"DtcAfmetingBxhInM"	"http://www.w3.org/2000/01/rdf-schema#Class"	""	""	""	""	""
"DATATYPE"	"OSLO-Implementatieelement"	"KwantWrdInMeter"	"{AD568F16-2A2F-4674-AB84-8600A2994308}"	""	""	""	""	"Kwantitatieve waarde in meter"	"Een kwantitatieve waarde die een getal in meter uitdrukt."	""	"Kwantitatieve waarde in meter"	"Een kwantitatieve waarde die een getal in meter uitdrukt."	""	""	"true"	"https://wegenenverkeer-test.data.vlaanderen.be/ns/implementatieelement#"	"KwantWrdInMeter"	"http://www.w3.org/2000/01/rdf-schema#Class"	""	""	""	""	""
"DATATYPE"	"W3-RDF-Schema"	"Literal"	"{1A8B2346-FEDF-498e-9DF5-929F59A7C1F6}"	""	""	""	""	"Literal"	"Beschrijft een constante."	"http://www.w3.org/2000/01/rdf-schema#Literal"	"Literal"	"Beschrijft een constante."	""	""	"true"	"http://www.w3.org/2000/01/rdf-schema#"	"Literal"	"http://www.w3.org/2000/01/rdf-schema#Class"	""	""	""	""	""
"DATATYPE"	"W3-XML-Schema"	"Decimal"	"{57359473-0031-4210-9D20-A59ADC4F68D9}"	""	""	""	""	"Decimaal getal"	"Beschrijft een decimaal getal volgens http://www.w3.org/2001/XMLSchema#decimal"	"https://www.w3.org/TR/xmlschema-2/#decimal"	"Decimaal getal"	"Beschrijft een decimaal getal volgens http://www.w3.org/2001/XMLSchema#decimal"	""	""	"true"	"http://www.w3.org/2001/XMLSchema#"	"decimal"	"http://www.w3.org/2000/01/rdf-schema#Class"	""	""	""	""	""
"DATATYPE"	"OSLO-Implementatieelement"	"KwantWrdInUur"	"{A5AE82CF-CB73-424b-9E46-2FF584CF6626}"	""	""	""	""	"Kwantitatieve waarde in uur"	"Een kwantitatieve waarde die een getal in uur uitdrukt."	""	"Kwantitatieve waarde in uur"	"Een kwantitatieve waarde die een getal in uur uitdrukt."	""	""	"true"	"https://wegenenverkeer-test.data.vlaanderen.be/ns/implementatieelement#"	"KwantWrdInUur"	"http://www.w3.org/2000/01/rdf-schema#Class"	""	""	""	""	""
"DATATYPE"	"W3-XML-Schema"	"NonNegativeInteger"	"{B758673F-AF84-4883-860C-B721D31C8AA9}"	""	""	""	""	"Natuurlijk getal"	"Beschrijft een natuurlijk getal volgens http://www.w3.org/2001/XMLSchema#nonNegativeInteger"	"https://www.w3.org/TR/xmlschema-2/#nonNegativeInteger"	"Natuurlijk getal"	"Beschrijft een natuurlijk getal volgens http://www.w3.org/2001/XMLSchema#nonNegativeInteger"	""	""	"true"	"http://www.w3.org/2001/XMLSchema#"	"nonNegativeInteger"	"http://www.w3.org/2000/01/rdf-schema#Class"	""	""	""	""	""
"DATATYPE"	"OSLO-Implementatieelement"	"KwantWrdInMillimeter"	"{8039492D-CA1D-44d7-86A6-3842E7A97AD9}"	""	""	""	""	"Kwantitatieve waarde in millimeter"	"Een kwantitatieve waarde die een getal in millimeter uitdrukt."	""	"Kwantitatieve waarde in millimeter"	"Een kwantitatieve waarde die een getal in millimeter uitdrukt."	""	""	"true"	"https://wegenenverkeer-test.data.vlaanderen.be/ns/implementatieelement#"	"KwantWrdInMillimeter"	"http://www.w3.org/2000/01/rdf-schema#Class"	""	""	""	""	""
"DATATYPE"	"OSLO-Implementatieelement"	"DtcDocument"	"{67EDF58E-5D61-418a-8049-E320E3932F33}"	""	""	""	""	"Bestandsbijlage"	"Complex datatype voor alle bestandsbijlages"	""	"Bestandsbijlage"	"Complex datatype voor alle bestandsbijlages"	""	""	"true"	"https://wegenenverkeer-test.data.vlaanderen.be/ns/implementatieelement#"	"DtcDocument"	"http://www.w3.org/2000/01/rdf-schema#Class"	""	""	""	""	""
"DATATYPE"	"OSLO-Implementatieelement"	"DteTekstblok"	"{283DFABF-8123-4605-8E63-5220D7E90924}"	""	""	""	""	"Tekstblok"	"Een tekst welke uit meerdere zinnen bestaat,en ook regeleindes kan bevatten. Een tekstblok bevat maximaal 65.000 karakters."	""	"Tekstblok"	"Een tekst welke uit meerdere zinnen bestaat,en ook regeleindes kan bevatten. Een tekstblok bevat maximaal 65.000 karakters."	""	""	"true"	"https://wegenenverkeer-test.data.vlaanderen.be/ns/implementatieelement#"	"DteTekstblok"	"http://www.w3.org/2000/01/rdf-schema#Class"	""	""	""	""	""
"DATATYPE"	"OSLO-Implementatieelement"	"KwantWrdInSeconde"	"{89691DDD-7809-4c46-B797-4498F85435D7}"	""	""	""	""	"Kwantitatieve waarde in seconde"	"Een kwantitatieve waarde die een getal in seconde uitdrukt."	""	"Kwantitatieve waarde in seconde"	"Een kwantitatieve waarde die een getal in seconde uitdrukt."	""	""	"true"	"https://wegenenverkeer-test.data.vlaanderen.be/ns/implementatieelement#"	"KwantWrdInSeconde"	"http://www.w3.org/2000/01/rdf-schema#Class"	""	""	""	""	""
"DATATYPE"	"OSLO-Implementatieelement"	"KwantWrdInMinuut"	"{072AFC2B-653C-4a03-928E-38655DCC5CA6}"	""	""	""	""	"Kwantitatieve waarde in minuten"	"Een kwantitatieve waarde die een getal in minuten uitdrukt."	""	"Kwantitatieve waarde in minuten"	"Een kwantitatieve waarde die een getal in minuten uitdrukt."	""	""	"true"	"https://wegenenverkeer-test.data.vlaanderen.be/ns/implementatieelement#"	"KwantWrdInMinuut"	"http://www.w3.org/2000/01/rdf-schema#Class"	""	""	""	""	""
"DATATYPE"	"OSLO-Implementatieelement"	"DtcAfmetingBxlxhInMm"	"{F8738032-F6DF-4b2b-B396-C8FF3D978B06}"	""	""	""	""	"Afmeting bxlxh in millimeter"	"Complex datatype voor de afmeting van de breedte,de lengte en hoogte in millimeter."	""	"Afmeting bxlxh in millimeter"	"Complex datatype voor de afmeting van de breedte,de lengte en hoogte in millimeter."	""	""	"true"	"https://wegenenverkeer-test.data.vlaanderen.be/ns/implementatieelement#"	"DtcAfmetingBxlxhInMm"	"http://www.w3.org/2000/01/rdf-schema#Class"	""	""	""	""	""
"ENUMERATION"	"OSLO-Implementatieelement"	"KlAIMToestand"	"{DEB5640D-3AF2-4a4c-9887-62F91AF017F9}"	""	""	""	""	"AIM toestand"	"Keuzelijst met fasen uit de levenscyclus van een object om de toestand op een moment mee vast te leggen."	""	"AIM toestand"	"Keuzelijst met fasen uit de levenscyclus van een object om de toestand op een moment mee vast te leggen."	""	"https://wegenenverkeer-test.data.vlaanderen.be/id/conceptscheme/KlAIMToestand"	"true"	"http://www.w3.org/2004/02/skos/core#"	"Concept"	"http://www.w3.org/2000/01/rdf-schema#Class"	""	""	""	""	""
"ENUMERATION"	"OSLO-Onderdeel"	"KlIOBitSnelheid"	"{8E9C876C-4B24-494a-AF88-8D5A7B8680FA}"	""	""	""	""	"IO bit snelheid"	"Lijst met mogelijke bitsnelheden voor een invoer-uitvoer kaart of module."	""	"IO bit snelheid"	"Lijst met mogelijke bitsnelheden voor een invoer-uitvoer kaart of module."	""	"https://wegenenverkeer-test.data.vlaanderen.be/id/conceptscheme/KlIOBitSnelheid"	"true"	"http://www.w3.org/2004/02/skos/core#"	"Concept"	"http://www.w3.org/2000/01/rdf-schema#Class"	""	""	""	""	""
"ENUMERATION"	"OSLO-Onderdeel"	"KlIOKaartMerk"	"{54D351DA-F041-4b44-87B2-17F9AC21EF66}"	""	""	""	""	"IO-kaart merken"	"Lijst van mogelijke merken voor IO-kaarten"	""	"IO-kaart merken"	"Lijst van mogelijke merken voor IO-kaarten"	""	"https://wegenenverkeer-test.data.vlaanderen.be/id/conceptscheme/KlIOKaartMerk"	"true"	"http://www.w3.org/2004/02/skos/core#"	"Concept"	"http://www.w3.org/2000/01/rdf-schema#Class"	""	""	""	""	""
"ENUMERATION"	"OSLO-Onderdeel"	"KlIOKaartModelnaam"	"{C1F4CFAA-26FF-4e8c-B2FC-D506A3D84541}"	""	""	""	""	"IO-kaart modelnaam"	"Lijst van mogelijke modelnamen voor IO-kaarten."	""	"IO-kaart modelnaam"	"Lijst van mogelijke modelnamen voor IO-kaarten."	""	"https://wegenenverkeer-test.data.vlaanderen.be/id/conceptscheme/KlIOKaartModelnaam"	"true"	"http://www.w3.org/2004/02/skos/core#"	"Concept"	"http://www.w3.org/2000/01/rdf-schema#Class"	""	""	""	""	""
"ENUMERATION"	"OSLO-Onderdeel"	"KlIORichting"	"{548DD3F7-1924-47da-BEB4-CD79EECFFB52}"	""	""	""	""	"IO richting"	"Geeft aan of de IO-kaart dient voor input of output."	""	"IO richting"	"Geeft aan of de IO-kaart dient voor input of output."	""	"https://wegenenverkeer-test.data.vlaanderen.be/id/conceptscheme/KlIORichting"	"true"	"http://www.w3.org/2004/02/skos/core#"	"Concept"	"http://www.w3.org/2000/01/rdf-schema#Class"	""	""	""	""	""
"ENUMERATION"	"OSLO-Onderdeel"	"KlIOSignaaltype"	"{C17B243F-0651-4cad-A581-C340B8401F83}"	""	""	""	""	"IO-kaart signaaltype"	"Geeft aan of de IO-kaart werkt met een digitaal of met een analoog signaal."	""	"IO-kaart signaaltype"	"Geeft aan of de IO-kaart werkt met een digitaal of met een analoog signaal."	""	"https://wegenenverkeer-test.data.vlaanderen.be/id/conceptscheme/KlIOSignaaltype"	"true"	"http://www.w3.org/2004/02/skos/core#"	"Concept"	"http://www.w3.org/2000/01/rdf-schema#Class"	""	""	""	""	""
"ENUMERATION"	"OSLO-Abstracten"	"KlDeurFabrikant"	"{B759ABA6-CC1C-4caf-AB49-A05ADBD2A03C}"	""	""	""	""	"Deur fabrikant"	"Lijst van fabrikanten van deuren."	""	"Deur fabrikant"	"Lijst van fabrikanten van deuren."	""	"https://wegenenverkeer-test.data.vlaanderen.be/id/conceptscheme/KlDeurFabrikant"	"true"	"http://www.w3.org/2004/02/skos/core#"	"Concept"	"http://www.w3.org/2000/01/rdf-schema#Class"	""	""	""	""	""
"ENUMERATION"	"OSLO-Abstracten"	"KlDeurHandgreeptype"	"{4B645691-1323-49f7-A891-1E6497812865}"	""	""	""	""	"Deur handgreeptype"	"Types handgrepen van deuren."	""	"Deur handgreeptype"	"Types handgrepen van deuren."	""	"https://wegenenverkeer-test.data.vlaanderen.be/id/conceptscheme/KlDeurHandgreeptype"	"true"	"http://www.w3.org/2004/02/skos/core#"	"Concept"	"http://www.w3.org/2000/01/rdf-schema#Class"	""	""	""	""	""
"ENUMERATION"	"OSLO-Implementatieelement"	"KlAlgMimeType"	"{A3D5FB7B-2F63-43a7-8233-54C3F277D5A5}"	""	""	""	""	"Mimetype"	"De mime types van bestanden (AWVDocument) beperkt tot mime types voor toegelaten bestandstypen."	""	"Mimetype"	"De mime types van bestanden (AWVDocument) beperkt tot mime types voor toegelaten bestandstypen."	""	"https://wegenenverkeer-test.data.vlaanderen.be/id/conceptscheme/KlAlgMimeType"	"true"	"http://www.w3.org/2004/02/skos/core#"	"Concept"	"http://www.w3.org/2000/01/rdf-schema#Class"	""	""	""	""	""
"ENUMERATION"	"OSLO-Onderdeel"	"KlPictogramSymbool"	"{4389F7A5-0508-4f25-92A2-2BB1C83F9C0F}"	""	""	""	""	"Pictogram symbool"	"De mogelijke symbolen op het pictogram."	""	"Pictogram symbool"	"De mogelijke symbolen op het pictogram."	""	"https://wegenenverkeer-test.data.vlaanderen.be/id/conceptscheme/KlPictogramSymbool"	"true"	"http://www.w3.org/2004/02/skos/core#"	"Concept"	"http://www.w3.org/2000/01/rdf-schema#Class"	""	""	""	""	""
"ENUMERATION"	"OSLO-Onderdeel"	"KlBinnenverlichtingstoestelSoortLamp"	"{C7CB2163-42A8-4257-9FF5-F2FC1B565458}"	""	""	""	""	"Binnenverlichtingstoestel soort lamp"	"Lijst van mogelijke soorten lampen voor binnenverlichtingstoestellen"	""	"Binnenverlichtingstoestel soort lamp"	"Lijst van mogelijke soorten lampen voor binnenverlichtingstoestellen"	""	"https://wegenenverkeer-test.data.vlaanderen.be/id/conceptscheme/KlBinnenverlichtingstoestelSoortLamp"	"true"	"http://www.w3.org/2004/02/skos/core#"	"Concept"	"http://www.w3.org/2000/01/rdf-schema#Class"	""	""	""	""	""
"CLASS"	"OSLO-Onderdeel"	"Sturing"	"{50E1EB2E-B3D0-4d4b-8701-7B0A04EFB57A}"	""	""	""	""	"Sturing"	"Deze relatie geeft aan of er een of andere vorm van dataverkeer is tussen 2 onderdelen. Een wegverlichtingstoestel dat aan staat wordt ook als sturing beschouwd, in dit geval is het een lang ononderbroken elektrisch aan-signaal. Deze relatie heeft geen richting."	""	"Sturing"	"Deze relatie geeft aan of er een of andere vorm van dataverkeer is tussen 2 onderdelen. Een wegverlichtingstoestel dat aan staat wordt ook als sturing beschouwd, in dit geval is het een lang ononderbroken elektrisch aan-signaal. Deze relatie heeft geen richting."	""	""	"true"	"https://wegenenverkeer-test.data.vlaanderen.be/ns/onderdeel#"	"Sturing"	"http://www.w3.org/2000/01/rdf-schema#Class"	""	""	"https://wegenenverkeer-test.data.vlaanderen.be/ns/implementatieelement#NietDirectioneleRelatie"	""	""
"CLASS"	"OSLO-Onderdeel"	"Bevestiging"	"{E82F347E-11E7-4292-8B87-2883C98B9BC9}"	""	""	""	""	"Bevestiging"	"Deze relatie geeft aan dat twee onderdelen direct fysiek op elkaar bevestigd zijn. Dit kan zowel aan de buitenkant als aan de binnenkant zijn zoals bv. een camera aan een paal of een laagspanningsbord in een kast. Deze relatie heeft geen richting."	""	"Bevestiging"	"Deze relatie geeft aan dat twee onderdelen direct fysiek op elkaar bevestigd zijn. Dit kan zowel aan de buitenkant als aan de binnenkant zijn zoals bv. een camera aan een paal of een laagspanningsbord in een kast. Deze relatie heeft geen richting."	""	""	"true"	"https://wegenenverkeer-test.data.vlaanderen.be/ns/onderdeel#"	"Bevestiging"	"http://www.w3.org/2000/01/rdf-schema#Class"	""	""	"https://wegenenverkeer-test.data.vlaanderen.be/ns/implementatieelement#NietDirectioneleRelatie"	""	""
"CLASS"	"OSLO-Onderdeel"	"Voedt"	"{4B2D5BB6-CBBE-4141-963A-E73AF12F611C}"	""	""	""	""	"Voedt"	"Deze relatie wordt enkel gelegd naar onderdelen die permanent onder spanning staan in normaal bedrijf. Aan deze relatie wordt steeds een richting toegekend van de voedinggever naar de ontvanger."	""	"Voedt"	"Deze relatie wordt enkel gelegd naar onderdelen die permanent onder spanning staan in normaal bedrijf. Aan deze relatie wordt steeds een richting toegekend van de voedinggever naar de ontvanger."	""	""	"true"	"https://wegenenverkeer-test.data.vlaanderen.be/ns/onderdeel#"	"Voedt"	"http://www.w3.org/2000/01/rdf-schema#Class"	""	""	"https://wegenenverkeer-test.data.vlaanderen.be/ns/implementatieelement#DirectioneleRelatie"	""	""
"CLASS"	"OSLO-Onderdeel"	"LigtOp"	"{B3042F97-7817-4de4-97C2-E138C2106B2B}"	""	""	""	""	"Ligt op"	"Deze relatie geeft aan dat 2 onderdelen direct fysiek op elkaar liggen. Deze relatie heeft een richting en gaat van het bovenste naar het onderste onderdeel."	""	"Ligt op"	"Deze relatie geeft aan dat 2 onderdelen direct fysiek op elkaar liggen. Deze relatie heeft een richting en gaat van het bovenste naar het onderste onderdeel."	""	""	"true"	"https://wegenenverkeer-test.data.vlaanderen.be/ns/onderdeel#"	"LigtOp"	"http://www.w3.org/2000/01/rdf-schema#Class"	""	""	"https://wegenenverkeer-test.data.vlaanderen.be/ns/implementatieelement#DirectioneleRelatie"	""	""
"attribute"	"OSLO-Onderdeel"	"bitsnelheid"	"{9B3A3727-45F1-4b96-B2B4-F940E7A7BBF1}"	""	"IOKaart"	"{3865449D-9B40-4356-B84C-24ADC71823D7}"	"KlIOBitSnelheid"	"bitsnelheid"	"De snelheid (hoeveel bits) waarmee data doorgestuurd kan worden."	""	"bitsnelheid"	"De snelheid (hoeveel bits) waarmee data doorgestuurd kan worden."	""	""	"true"	"https://wegenenverkeer-test.data.vlaanderen.be/ns/onderdeel#"	"IOKaart.bitsnelheid"	"http://www.w3.org/2002/07/owl#ObjectProperty"	"https://wegenenverkeer-test.data.vlaanderen.be/ns/onderdeel#IOKaart"	"http://www.w3.org/2004/02/skos/core#Concept"	""	"1"	"1"
"attribute"	"OSLO-Onderdeel"	"firmwareversie"	"{4A91F4F8-7B92-4533-A43D-7B72818AB389}"	""	"IOKaart"	"{3865449D-9B40-4356-B84C-24ADC71823D7}"	"String"	"firmwareversie"	"Versie van de firmware."	""	"firmwareversie"	"Versie van de firmware."	""	""	"true"	"https://wegenenverkeer-test.data.vlaanderen.be/ns/onderdeel#"	"IOKaart.firmwareversie"	"http://www.w3.org/2002/07/owl#DatatypeProperty"	"https://wegenenverkeer-test.data.vlaanderen.be/ns/onderdeel#IOKaart"	"http://www.w3.org/2001/XMLSchema#string"	""	"1"	"1"
"attribute"	"OSLO-Onderdeel"	"merk"	"{D7D44AB8-EA5C-4d17-8DCE-FBCB2B1640CF}"	""	"IOKaart"	"{3865449D-9B40-4356-B84C-24ADC71823D7}"	"KlIOKaartMerk"	"merk"	"Het merk van de IO-kaart."	""	"merk"	"Het merk van de IO-kaart."	""	""	"true"	"https://wegenenverkeer-test.data.vlaanderen.be/ns/onderdeel#"	"IOKaart.merk"	"http://www.w3.org/2002/07/owl#ObjectProperty"	"https://wegenenverkeer-test.data.vlaanderen.be/ns/onderdeel#IOKaart"	"http://www.w3.org/2004/02/skos/core#Concept"	""	"1"	"1"
"attribute"	"OSLO-Onderdeel"	"modelnaam"	"{59E3833A-5187-4819-B533-FF135E8E2A8B}"	""	"IOKaart"	"{3865449D-9B40-4356-B84C-24ADC71823D7}"	"KlIOKaartModelnaam"	"modelnaam"	"De modelnaam van de IO-kaart."	""	"modelnaam"	"De modelnaam van de IO-kaart."	""	""	"true"	"https://wegenenverkeer-test.data.vlaanderen.be/ns/onderdeel#"	"IOKaart.modelnaam"	"http://www.w3.org/2002/07/owl#ObjectProperty"	"https://wegenenverkeer-test.data.vlaanderen.be/ns/onderdeel#IOKaart"	"http://www.w3.org/2004/02/skos/core#Concept"	""	"1"	"1"
"attribute"	"OSLO-Onderdeel"	"poortadres"	"{5DA0776C-6918-4a5a-92FC-10C0A7C6E752}"	""	"IOKaart"	"{3865449D-9B40-4356-B84C-24ADC71823D7}"	"String"	"poortadres"	"Het IO-kaart poortadres wordt gebruikt om data uit te wisselen met een perifere component. Elke component krijgt een uniek poortadres toegekend, dit adres is een hexadecimaal getal."	""	"poortadres"	"Het IO-kaart poortadres wordt gebruikt om data uit te wisselen met een perifere component. Elke component krijgt een uniek poortadres toegekend, dit adres is een hexadecimaal getal."	""	""	"true"	"https://wegenenverkeer-test.data.vlaanderen.be/ns/onderdeel#"	"IOKaart.poortadres"	"http://www.w3.org/2002/07/owl#DatatypeProperty"	"https://wegenenverkeer-test.data.vlaanderen.be/ns/onderdeel#IOKaart"	"http://www.w3.org/2001/XMLSchema#string"	""	"1"	"1"
"attribute"	"OSLO-Onderdeel"	"richting"	"{A335D771-C991-47b3-B01C-447785EEF867}"	""	"IOKaart"	"{3865449D-9B40-4356-B84C-24ADC71823D7}"	"KlIORichting"	"richting"	"Geeft aan of de IO-kaart dient voor input of output."	""	"richting"	"Geeft aan of de IO-kaart dient voor input of output."	""	""	"true"	"https://wegenenverkeer-test.data.vlaanderen.be/ns/onderdeel#"	"IOKaart.richting"	"http://www.w3.org/2002/07/owl#ObjectProperty"	"https://wegenenverkeer-test.data.vlaanderen.be/ns/onderdeel#IOKaart"	"http://www.w3.org/2004/02/skos/core#Concept"	""	"1"	"1"
"attribute"	"OSLO-Onderdeel"	"signaalType"	"{3E5CBC41-A3D6-4f41-8D68-A370C8753487}"	""	"IOKaart"	"{3865449D-9B40-4356-B84C-24ADC71823D7}"	"KlIOSignaaltype"	"signaalType"	"Geeft aan of de IO-kaart werkt met een digitaal of met een analoog signaal."	""	"signaalType"	"Geeft aan of de IO-kaart werkt met een digitaal of met een analoog signaal."	""	""	"true"	"https://wegenenverkeer-test.data.vlaanderen.be/ns/onderdeel#"	"IOKaart.signaalType"	"http://www.w3.org/2002/07/owl#ObjectProperty"	"https://wegenenverkeer-test.data.vlaanderen.be/ns/onderdeel#IOKaart"	"http://www.w3.org/2004/02/skos/core#Concept"	""	"1"	"1"
"attribute"	"OSLO-Abstracten"	"afmetingDeuropening"	"{27DEC0F5-2053-4c88-9B7D-869C5968DC0E}"	""	"Deur"	"{FD66DE9C-ABFD-4357-8B21-A31491B89E0B}"	"DtcAfmetingBxhInM"	"afmeting deuropening"	"Afmeting van de vrije ruimte die ontstaat wanneer de deur volledig geopend is."	""	"afmeting deuropening"	"Afmeting van de vrije ruimte die ontstaat wanneer de deur volledig geopend is."	""	""	"true"	"https://wegenenverkeer-test.data.vlaanderen.be/ns/abstracten#"	"Deur.afmetingDeuropening"	"http://www.w3.org/2002/07/owl#ObjectProperty"	"https://wegenenverkeer-test.data.vlaanderen.be/ns/abstracten#Deur"	"https://wegenenverkeer-test.data.vlaanderen.be/ns/implementatieelement#DtcAfmetingBxhInM"	""	"1"	"1"
"attribute"	"OSLO-Abstracten"	"brandweerstand"	"{E7B57BB8-6370-4c08-9CA6-405A24A5E871}"	""	"Deur"	"{FD66DE9C-ABFD-4357-8B21-A31491B89E0B}"	"KwantWrdInUur"	"brandweerstand"	"Brandwerendheid is een maat voor de tijd die een constructie heeft voor dat deze bezwijkt onder invloed van een brand."	""	"brandweerstand"	"Brandwerendheid is een maat voor de tijd die een constructie heeft voor dat deze bezwijkt onder invloed van een brand."	""	""	"true"	"https://wegenenverkeer-test.data.vlaanderen.be/ns/abstracten#"	"Deur.brandweerstand"	"http://www.w3.org/2002/07/owl#ObjectProperty"	"https://wegenenverkeer-test.data.vlaanderen.be/ns/abstracten#Deur"	"https://wegenenverkeer-test.data.vlaanderen.be/ns/implementatieelement#KwantWrdInUur"	""	"1"	"1"
"attribute"	"OSLO-Abstracten"	"breedte"	"{E6A828BB-7DF6-4abc-BF76-705261F8C756}"	""	"Deur"	"{FD66DE9C-ABFD-4357-8B21-A31491B89E0B}"	"KwantWrdInMillimeter"	"breedte"	"De afmeting van de rechtopstaande deur gemeten van de ene zijkant naar de andere."	""	"breedte"	"De afmeting van de rechtopstaande deur gemeten van de ene zijkant naar de andere."	""	""	"true"	"https://wegenenverkeer-test.data.vlaanderen.be/ns/abstracten#"	"Deur.breedte"	"http://www.w3.org/2002/07/owl#ObjectProperty"	"https://wegenenverkeer-test.data.vlaanderen.be/ns/abstracten#Deur"	"https://wegenenverkeer-test.data.vlaanderen.be/ns/implementatieelement#KwantWrdInMillimeter"	""	"1"	"1"
"attribute"	"OSLO-Abstracten"	"dikte"	"{F05F9B2C-8484-442e-B7C1-D3060E9F7D35}"	""	"Deur"	"{FD66DE9C-ABFD-4357-8B21-A31491B89E0B}"	"KwantWrdInMillimeter"	"dikte"	"De dikte van de deur gemeten van de ene buitenzijde van de deur tot de andere."	""	"dikte"	"De dikte van de deur gemeten van de ene buitenzijde van de deur tot de andere."	""	""	"true"	"https://wegenenverkeer-test.data.vlaanderen.be/ns/abstracten#"	"Deur.dikte"	"http://www.w3.org/2002/07/owl#ObjectProperty"	"https://wegenenverkeer-test.data.vlaanderen.be/ns/abstracten#Deur"	"https://wegenenverkeer-test.data.vlaanderen.be/ns/implementatieelement#KwantWrdInMillimeter"	""	"1"	"1"
"attribute"	"OSLO-Abstracten"	"fabrikant"	"{C1F1F418-01E7-4a0d-9F5A-96E976577B0C}"	""	"Deur"	"{FD66DE9C-ABFD-4357-8B21-A31491B89E0B}"	"KlDeurFabrikant"	"fabrikant"	"Naam van de producent van de deur."	""	"fabrikant"	"Naam van de producent van de deur."	""	""	"true"	"https://wegenenverkeer-test.data.vlaanderen.be/ns/abstracten#"	"Deur.fabrikant"	"http://www.w3.org/2002/07/owl#ObjectProperty"	"https://wegenenverkeer-test.data.vlaanderen.be/ns/abstracten#Deur"	"http://www.w3.org/2004/02/skos/core#Concept"	""	"1"	"1"
"attribute"	"OSLO-Abstracten"	"handgreeptype"	"{B4CF8894-B449-473b-AEB2-972D2C64AB41}"	""	"Deur"	"{FD66DE9C-ABFD-4357-8B21-A31491B89E0B}"	"KlDeurHandgreeptype"	"handgreeptype"	"Soort greep aan waarmee de deur geopend wordt."	""	"handgreeptype"	"Soort greep aan waarmee de deur geopend wordt."	""	""	"true"	"https://wegenenverkeer-test.data.vlaanderen.be/ns/abstracten#"	"Deur.handgreeptype"	"http://www.w3.org/2002/07/owl#ObjectProperty"	"https://wegenenverkeer-test.data.vlaanderen.be/ns/abstracten#Deur"	"http://www.w3.org/2004/02/skos/core#Concept"	""	"1"	"1"
"attribute"	"OSLO-Abstracten"	"heeftDeurcontact"	"{7644CC9C-957F-4ea0-ACB0-563320B5B2C0}"	""	"Deur"	"{FD66DE9C-ABFD-4357-8B21-A31491B89E0B}"	"Boolean"	"heeft deurcontact"	"Geeft aan of de deur voorzien is van een contact dat bewaakt of de deur open of dicht is."	""	"heeft deurcontact"	"Geeft aan of de deur voorzien is van een contact dat bewaakt of de deur open of dicht is."	""	""	"true"	"https://wegenenverkeer-test.data.vlaanderen.be/ns/abstracten#"	"Deur.heeftDeurcontact"	"http://www.w3.org/2002/07/owl#DatatypeProperty"	"https://wegenenverkeer-test.data.vlaanderen.be/ns/abstracten#Deur"	"http://www.w3.org/2001/XMLSchema#boolean"	""	"1"	"1"
"attribute"	"OSLO-Abstracten"	"hoogte"	"{F24485AB-FE7B-4331-B746-5071CA11F805}"	""	"Deur"	"{FD66DE9C-ABFD-4357-8B21-A31491B89E0B}"	"KwantWrdInMillimeter"	"hoogte"	"De afmeting van de rechtopstaande deur gemeten van de onderkant tot de bovenkant."	""	"hoogte"	"De afmeting van de rechtopstaande deur gemeten van de onderkant tot de bovenkant."	""	""	"true"	"https://wegenenverkeer-test.data.vlaanderen.be/ns/abstracten#"	"Deur.hoogte"	"http://www.w3.org/2002/07/owl#ObjectProperty"	"https://wegenenverkeer-test.data.vlaanderen.be/ns/abstracten#Deur"	"https://wegenenverkeer-test.data.vlaanderen.be/ns/implementatieelement#KwantWrdInMillimeter"	""	"1"	"1"
"attribute"	"OSLO-Abstracten"	"isZelfsluitend"	"{0B61950F-39C8-4868-B9F5-6D89D5900743}"	""	"Deur"	"{FD66DE9C-ABFD-4357-8B21-A31491B89E0B}"	"Boolean"	"is zelfsluitend"	"Geeft aan of de deur voorzien is van een mechanisme dat er voor zorgt dat de deur sluit zonder tussenkomst van een gebruiker."	""	"is zelfsluitend"	"Geeft aan of de deur voorzien is van een mechanisme dat er voor zorgt dat de deur sluit zonder tussenkomst van een gebruiker."	""	""	"true"	"https://wegenenverkeer-test.data.vlaanderen.be/ns/abstracten#"	"Deur.isZelfsluitend"	"http://www.w3.org/2002/07/owl#DatatypeProperty"	"https://wegenenverkeer-test.data.vlaanderen.be/ns/abstracten#Deur"	"http://www.w3.org/2001/XMLSchema#boolean"	""	"1"	"1"
"attribute"	"OSLO-Abstracten"	"ophangconstructie"	"{3722B305-997E-41d3-9E9D-240154C7B5D9}"	""	"Deur"	"{FD66DE9C-ABFD-4357-8B21-A31491B89E0B}"	"DtcDocument"	"ophangconstructie"	"Documentatie met betrekking tot de manier waarop de deur met het kozijn bevestigd is aan de ruimte waartoe ze toegang biedt."	""	"ophangconstructie"	"Documentatie met betrekking tot de manier waarop de deur met het kozijn bevestigd is aan de ruimte waartoe ze toegang biedt."	""	""	"true"	"https://wegenenverkeer-test.data.vlaanderen.be/ns/abstracten#"	"Deur.ophangconstructie"	"http://www.w3.org/2002/07/owl#ObjectProperty"	"https://wegenenverkeer-test.data.vlaanderen.be/ns/abstracten#Deur"	"https://wegenenverkeer-test.data.vlaanderen.be/ns/implementatieelement#DtcDocument"	""	"1"	"1"
"attribute"	"OSLO-Abstracten"	"sluitingstijd"	"{DA74F2D8-272D-4dac-965A-ADC0F3D31AF4}"	""	"Deur"	"{FD66DE9C-ABFD-4357-8B21-A31491B89E0B}"	"KwantWrdInSeconde"	"sluitingstijd"	"Duurtijd voor het automatische sluiten van een zelfsluitende deur die volledig open staat."	""	"sluitingstijd"	"Duurtijd voor het automatische sluiten van een zelfsluitende deur die volledig open staat."	""	""	"true"	"https://wegenenverkeer-test.data.vlaanderen.be/ns/abstracten#"	"Deur.sluitingstijd"	"http://www.w3.org/2002/07/owl#ObjectProperty"	"https://wegenenverkeer-test.data.vlaanderen.be/ns/abstracten#Deur"	"https://wegenenverkeer-test.data.vlaanderen.be/ns/implementatieelement#KwantWrdInSeconde"	""	"1"	"1"
"attribute"	"OSLO-Onderdeel"	"nalichtingstijd"	"{A7EE7156-62EB-4254-A986-71A0885AA632}"	""	"Pictogram"	"{7E36363D-13DA-41d4-AA36-E80C75AB9DA1}"	"KwantWrdInMinuut"	"nalichtingstijd"	"De tijd dat het opgeslagen licht (bij bv. fosforen) in een andere lichtfrequentie (met minder energie) weer wordt uitgezonden."	""	"nalichtingstijd"	"De tijd dat het opgeslagen licht (bij bv. fosforen) in een andere lichtfrequentie (met minder energie) weer wordt uitgezonden."	""	""	"true"	"https://wegenenverkeer-test.data.vlaanderen.be/ns/onderdeel#"	"Pictogram.nalichtingstijd"	"http://www.w3.org/2002/07/owl#ObjectProperty"	"https://wegenenverkeer-test.data.vlaanderen.be/ns/onderdeel#Pictogram"	"https://wegenenverkeer-test.data.vlaanderen.be/ns/implementatieelement#KwantWrdInMinuut"	""	"1"	"1"
"attribute"	"OSLO-Onderdeel"	"opschrift"	"{29BBB1D5-0A24-4327-8AE5-FB413E20B17B}"	""	"Pictogram"	"{7E36363D-13DA-41d4-AA36-E80C75AB9DA1}"	"String"	"opschrift"	"Eventueel begeleidende tekst bij het symbool."	""	"opschrift"	"Eventueel begeleidende tekst bij het symbool."	""	""	"true"	"https://wegenenverkeer-test.data.vlaanderen.be/ns/onderdeel#"	"Pictogram.opschrift"	"http://www.w3.org/2002/07/owl#DatatypeProperty"	"https://wegenenverkeer-test.data.vlaanderen.be/ns/onderdeel#Pictogram"	"http://www.w3.org/2001/XMLSchema#string"	""	"1"	"1"
"attribute"	"OSLO-Onderdeel"	"symbool"	"{9B5FD50B-6C4C-4769-B441-FA62591D3974}"	""	"Pictogram"	"{7E36363D-13DA-41d4-AA36-E80C75AB9DA1}"	"KlPictogramSymbool"	"symbool"	"Het symbool op het pictogram."	""	"symbool"	"Het symbool op het pictogram."	""	""	"true"	"https://wegenenverkeer-test.data.vlaanderen.be/ns/onderdeel#"	"Pictogram.symbool"	"http://www.w3.org/2002/07/owl#ObjectProperty"	"https://wegenenverkeer-test.data.vlaanderen.be/ns/onderdeel#Pictogram"	"http://www.w3.org/2004/02/skos/core#Concept"	""	"1"	"1"
"attribute"	"OSLO-Onderdeel"	"type"	"{FA01B303-5CEE-492b-9544-5A7674E85122}"	""	"Aanstraalverlichting"	"{4E25F887-753B-430c-97CB-27728B7A445B}"	"KlBinnenverlichtingstoestelSoortLamp"	"type"	"Geeft het soort lamp mee dat voor de verlichting zorgt."	""	"type"	"Geeft het soort lamp mee dat voor de verlichting zorgt."	""	""	"true"	"https://wegenenverkeer-test.data.vlaanderen.be/ns/onderdeel#"	"Aanstraalverlichting.type"	"http://www.w3.org/2002/07/owl#ObjectProperty"	"https://wegenenverkeer-test.data.vlaanderen.be/ns/onderdeel#Aanstraalverlichting"	"http://www.w3.org/2004/02/skos/core#Concept"	""	"1"	"1"
"attribute"	"OSLO-Onderdeel"	"afmeting"	"{1DDE346B-E43D-48e2-A410-ADCA3507D72A}"	""	"InwendigVerlichtPictogram"	"{1DB1D348-7B5E-4693-BA89-822A4F70E30E}"	"DtcAfmetingBxlxhInMm"	"afmeting"	"Geeft de buitenafmeting van het toestel mee."	""	"afmeting"	"Geeft de buitenafmeting van het toestel mee."	""	""	"true"	"https://wegenenverkeer-test.data.vlaanderen.be/ns/onderdeel#"	"InwendigVerlichtPictogram.afmeting"	"http://www.w3.org/2002/07/owl#ObjectProperty"	"https://wegenenverkeer-test.data.vlaanderen.be/ns/onderdeel#InwendigVerlichtPictogram"	"https://wegenenverkeer-test.data.vlaanderen.be/ns/implementatieelement#DtcAfmetingBxlxhInMm"	""	"1"	"1"
"attribute"	"OSLO-Onderdeel"	"nalichtingstijd"	"{C0D8AEFE-2CF7-4649-A63E-AE5BF20502DD}"	""	"InwendigVerlichtPictogram"	"{1DB1D348-7B5E-4693-BA89-822A4F70E30E}"	"KwantWrdInMinuut"	"nalichtingstijd"	"De tijd tussen het uitschakelen van de interne lichtbron en het volledig duister worden van het toestel."	""	"nalichtingstijd"	"De tijd tussen het uitschakelen van de interne lichtbron en het volledig duister worden van het toestel."	""	""	"true"	"https://wegenenverkeer-test.data.vlaanderen.be/ns/onderdeel#"	"InwendigVerlichtPictogram.nalichtingstijd"	"http://www.w3.org/2002/07/owl#ObjectProperty"	"https://wegenenverkeer-test.data.vlaanderen.be/ns/onderdeel#InwendigVerlichtPictogram"	"https://wegenenverkeer-test.data.vlaanderen.be/ns/implementatieelement#KwantWrdInMinuut"	""	"1"	"1"
"attribute"	"OSLO-Onderdeel"	"symbool"	"{F9CC333F-11C5-493c-A72E-AAE17D52B872}"	""	"InwendigVerlichtPictogram"	"{1DB1D348-7B5E-4693-BA89-822A4F70E30E}"	"KlPictogramSymbool"	"symbool"	"Het symbool afgebeeld op het toestel."	""	"symbool"	"Het symbool afgebeeld op het toestel."	""	""	"true"	"https://wegenenverkeer-test.data.vlaanderen.be/ns/onderdeel#"	"InwendigVerlichtPictogram.symbool"	"http://www.w3.org/2002/07/owl#ObjectProperty"	"https://wegenenverkeer-test.data.vlaanderen.be/ns/onderdeel#InwendigVerlichtPictogram"	"http://www.w3.org/2004/02/skos/core#Concept"	""	"1"	"1"
"attribute"	"OSLO-Onderdeel"	"typeLamp"	"{14E7708E-A1F6-4846-A096-F88F585B90BC}"	""	"InwendigVerlichtPictogram"	"{1DB1D348-7B5E-4693-BA89-822A4F70E30E}"	"KlBinnenverlichtingstoestelSoortLamp"	"type lamp"	"Het soort lamp waarmee het toestel verlicht wordt."	""	"type lamp"	"Het soort lamp waarmee het toestel verlicht wordt."	""	""	"true"	"https://wegenenverkeer-test.data.vlaanderen.be/ns/onderdeel#"	"InwendigVerlichtPictogram.typeLamp"	"http://www.w3.org/2002/07/owl#ObjectProperty"	"https://wegenenverkeer-test.data.vlaanderen.be/ns/onderdeel#InwendigVerlichtPictogram"	"http://www.w3.org/2004/02/skos/core#Concept"	""	"1"	"1"
"attribute"	"OSLO-Onderdeel"	"stroomkringnummer"	"{C56F02B5-3BE8-4f85-8D23-C60A51B2F062}"	""	"Stroomkring"	"{8491F890-D84D-4f52-9FC0-B8BAF321B465}"	"String"	"stroomkringnummer"	"Identificatie van de stroomkring"	""	"stroomkringnummer"	"Identificatie van de stroomkring"	""	""	"true"	"https://wegenenverkeer-test.data.vlaanderen.be/ns/onderdeel#"	"Stroomkring.stroomkringnummer"	"http://www.w3.org/2002/07/owl#DatatypeProperty"	"https://wegenenverkeer-test.data.vlaanderen.be/ns/onderdeel#Stroomkring"	"http://www.w3.org/2001/XMLSchema#string"	""	"1"	"1"
"attribute"	"OSLO-Implementatieelement"	"assetId"	"{E7949773-97DA-41ca-87AA-1853AA025955}"	""	"AIMObject"	"{88503FAE-2021-462b-A7F8-0159BE43D56A}"	"DtcIdentificator"	"asset-id"	"Unieke identificatie van de asset zoals toegekend door de assetbeheerder of n.a.v. eerste aanlevering door de leverancier."	""	"asset-id"	"Unieke identificatie van de asset zoals toegekend door de assetbeheerder of n.a.v. eerste aanlevering door de leverancier."	""	""	"true"	"https://wegenenverkeer-test.data.vlaanderen.be/ns/implementatieelement#"	"AIMObject.assetId"	"http://www.w3.org/2002/07/owl#ObjectProperty"	"https://wegenenverkeer-test.data.vlaanderen.be/ns/implementatieelement#AIMObject"	"https://wegenenverkeer-test.data.vlaanderen.be/ns/implementatieelement#DtcIdentificator"	""	"1"	"1"
"attribute"	"OSLO-Implementatieelement"	"bestekPostNummer"	"{ED38D64A-6C46-4ebf-B554-DF017F871252}"	""	"AIMObject"	"{88503FAE-2021-462b-A7F8-0159BE43D56A}"	"String"	"bestekpostnummer"	"Een verwijzing naar een postnummer uit het specifieke bestek waar het object mee verband houdt."	""	"bestekpostnummer"	"Een verwijzing naar een postnummer uit het specifieke bestek waar het object mee verband houdt."	""	""	"true"	"https://wegenenverkeer-test.data.vlaanderen.be/ns/implementatieelement#"	"AIMObject.bestekPostNummer"	"http://www.w3.org/2002/07/owl#DatatypeProperty"	"https://wegenenverkeer-test.data.vlaanderen.be/ns/implementatieelement#AIMObject"	"http://www.w3.org/2001/XMLSchema#string"	""	"1"	"*"
"attribute"	"OSLO-Implementatieelement"	"datumOprichtingObject"	"{C38CFD17-6644-477b-81F9-59A1A0A25A53}"	""	"AIMObject"	"{88503FAE-2021-462b-A7F8-0159BE43D56A}"	"Date"	"datum oprichting object"	"Datum van de oprichting van het object."	""	"datum oprichting object"	"Datum van de oprichting van het object."	""	""	"true"	"https://wegenenverkeer-test.data.vlaanderen.be/ns/implementatieelement#"	"AIMObject.datumOprichtingObject"	"http://www.w3.org/2002/07/owl#DatatypeProperty"	"https://wegenenverkeer-test.data.vlaanderen.be/ns/implementatieelement#AIMObject"	"http://www.w3.org/2001/XMLSchema#date"	""	"1"	"1"
"attribute"	"OSLO-Implementatieelement"	"notitie"	"{0EA19E5B-3D80-4267-8FB9-2E5AEB676573}"	""	"AIMObject"	"{88503FAE-2021-462b-A7F8-0159BE43D56A}"	"String"	"notitie"	"Extra notitie voor het object."	""	"notitie"	"Extra notitie voor het object."	""	""	"true"	"https://wegenenverkeer-test.data.vlaanderen.be/ns/implementatieelement#"	"AIMObject.notitie"	"http://www.w3.org/2002/07/owl#DatatypeProperty"	"https://wegenenverkeer-test.data.vlaanderen.be/ns/implementatieelement#AIMObject"	"http://www.w3.org/2001/XMLSchema#string"	""	"1"	"1"
"attribute"	"OSLO-Implementatieelement"	"standaardBestekPostNummer"	"{3F3F836C-7304-4f0f-9818-237FDAE6EA38}"	""	"AIMObject"	"{88503FAE-2021-462b-A7F8-0159BE43D56A}"	"String"	"standaardbestekpostnummer"	"Een verwijzing naar een postnummer uit het standaardbestek waar het object mee verband houdt. De notatie van het postnummer moet overeenkomen met de notatie die gebruikt is in de catalogi van standaardbestekken, bijvoorbeeld postnummer 0701.20404G."	""	"standaardbestekpostnummer"	"Een verwijzing naar een postnummer uit het standaardbestek waar het object mee verband houdt. De notatie van het postnummer moet overeenkomen met de notatie die gebruikt is in de catalogi van standaardbestekken, bijvoorbeeld postnummer 0701.20404G."	""	""	"true"	"https://wegenenverkeer-test.data.vlaanderen.be/ns/implementatieelement#"	"AIMObject.standaardBestekPostNummer"	"http://www.w3.org/2002/07/owl#DatatypeProperty"	"https://wegenenverkeer-test.data.vlaanderen.be/ns/implementatieelement#AIMObject"	"http://www.w3.org/2001/XMLSchema#string"	""	"1"	"*"
"attribute"	"OSLO-Implementatieelement"	"typeURI"	"{B2575195-82F2-4a75-9C7C-952635A8DE90}"	""	"AIMObject"	"{88503FAE-2021-462b-A7F8-0159BE43D56A}"	"AnyURI"	"type URI"	"De URI van het object volgens https://www.w3.org/2001/XMLSchema#anyURI ."	""	"type URI"	"De URI van het object volgens https://www.w3.org/2001/XMLSchema#anyURI ."	""	""	"true"	"https://wegenenverkeer-test.data.vlaanderen.be/ns/implementatieelement#"	"AIMObject.typeURI"	"http://www.w3.org/2002/07/owl#ObjectProperty"	"https://wegenenverkeer-test.data.vlaanderen.be/ns/implementatieelement#AIMObject"	"http://www.w3.org/2001/XMLSchema#anyURI"	""	"1"	"1"
"attribute"	"OSLO-Implementatieelement"	"toestand"	"{7C966B34-58C9-452e-9E3B-9037B9D6924F}"	""	"AIMToestand"	"{A15866FB-94B6-4938-AAD6-552F4D5AEEF9}"	"KlAIMToestand"	"toestand"	"Geeft de actuele stand in de levenscyclus van het object."	""	"toestand"	"Geeft de actuele stand in de levenscyclus van het object."	""	""	"true"	"https://wegenenverkeer-test.data.vlaanderen.be/ns/implementatieelement#"	"AIMToestand.toestand"	"http://www.w3.org/2002/07/owl#ObjectProperty"	"https://wegenenverkeer-test.data.vlaanderen.be/ns/implementatieelement#AIMToestand"	"http://www.w3.org/2004/02/skos/core#Concept"	""	"1"	"1"
"attribute"	"OSLO-Implementatieelement"	"isActief"	"{DBB2EB51-C555-405e-BCCD-A5E836AC34CF}"	""	"AIMDBStatus"	"{C69C60D8-2A25-4059-A97C-88B4F945C0F4}"	"Boolean"	"is actief"	"Geeft aan of het object actief kan gebruikt worden of (zacht) verwijderd is uit het asset beheer systeem."	""	"is actief"	"Geeft aan of het object actief kan gebruikt worden of (zacht) verwijderd is uit het asset beheer systeem."	""	""	"true"	"https://wegenenverkeer-test.data.vlaanderen.be/ns/implementatieelement#"	"AIMDBStatus.isActief"	"http://www.w3.org/2002/07/owl#DatatypeProperty"	"https://wegenenverkeer-test.data.vlaanderen.be/ns/implementatieelement#AIMDBStatus"	"http://www.w3.org/2001/XMLSchema#boolean"	""	"1"	"1"
"attribute"	"OSLO-Implementatieelement"	"naam"	"{B9115F31-1B3C-42d0-BE37-D794B2620E93}"	""	"AIMNaamObject"	"{36C589DA-0DFB-4b23-9DCC-F70E81EF57DB}"	"String"	"naam"	"De mensleesbare naam van een asset zoals dit bv. ook terug te vinden is op een etiket op het object zelf. De assetbeheerder kent deze naam toe of geeft de opdracht om deze toe te kennen. Indien een object een algemeen gangbare naam heeft zoals bv. bij een waterloop dan wordt deze gebruikt."	""	"naam"	"De mensleesbare naam van een asset zoals dit bv. ook terug te vinden is op een etiket op het object zelf. De assetbeheerder kent deze naam toe of geeft de opdracht om deze toe te kennen. Indien een object een algemeen gangbare naam heeft zoals bv. bij een waterloop dan wordt deze gebruikt."	""	""	"true"	"https://wegenenverkeer-test.data.vlaanderen.be/ns/implementatieelement#"	"AIMNaamObject.naam"	"http://www.w3.org/2002/07/owl#DatatypeProperty"	"https://wegenenverkeer-test.data.vlaanderen.be/ns/implementatieelement#AIMNaamObject"	"http://www.w3.org/2001/XMLSchema#string"	""	"1"	"1"
"attribute"	"OSLO-Implementatieelement"	"identificator"	"{C7C0531E-51B7-4662-80D1-73C43C3D89A6}"	""	"DtcIdentificator"	"{4FE8FD6F-EC29-453d-B38A-79775D658E87}"	"String"	"identificator"	"Een groep van tekens om een AIM object te identificeren of te benoemen."	""	"identificator"	"Een groep van tekens om een AIM object te identificeren of te benoemen."	""	""	"true"	"https://wegenenverkeer-test.data.vlaanderen.be/ns/implementatieelement#"	"DtcIdentificator.identificator"	"http://www.w3.org/2002/07/owl#DatatypeProperty"	"https://wegenenverkeer-test.data.vlaanderen.be/ns/implementatieelement#DtcIdentificator"	"http://www.w3.org/2001/XMLSchema#string"	""	"1"	"1"
"attribute"	"OSLO-Implementatieelement"	"toegekendDoor"	"{4A6321F9-3E1E-4f54-A289-288221563685}"	""	"DtcIdentificator"	"{4FE8FD6F-EC29-453d-B38A-79775D658E87}"	"String"	"toegekend door"	"Gegevens van de organisatie die de toekenning deed."	""	"toegekend door"	"Gegevens van de organisatie die de toekenning deed."	""	""	"true"	"https://wegenenverkeer-test.data.vlaanderen.be/ns/implementatieelement#"	"DtcIdentificator.toegekendDoor"	"http://www.w3.org/2002/07/owl#DatatypeProperty"	"https://wegenenverkeer-test.data.vlaanderen.be/ns/implementatieelement#DtcIdentificator"	"http://www.w3.org/2001/XMLSchema#string"	""	"1"	"1"
"attribute"	"OSLO-Implementatieelement"	"breedte"	"{29A11860-24F3-4bf2-9439-7FA187DCBD52}"	""	"DtcAfmetingBxhInM"	"{E31105A3-AB09-42ef-AE5D-7A1E9B951A1E}"	"KwantWrdInMeter"	"breedte"	"De breedte in meter."	""	"breedte"	"De breedte in meter."	""	""	"true"	"https://wegenenverkeer-test.data.vlaanderen.be/ns/implementatieelement#"	"DtcAfmetingBxhInM.breedte"	"http://www.w3.org/2002/07/owl#ObjectProperty"	"https://wegenenverkeer-test.data.vlaanderen.be/ns/implementatieelement#DtcAfmetingBxhInM"	"https://wegenenverkeer-test.data.vlaanderen.be/ns/implementatieelement#KwantWrdInMeter"	""	"1"	"1"
"attribute"	"OSLO-Implementatieelement"	"hoogte"	"{A31AEB20-10E3-49bc-9A53-5DD569A25328}"	""	"DtcAfmetingBxhInM"	"{E31105A3-AB09-42ef-AE5D-7A1E9B951A1E}"	"KwantWrdInMeter"	"hoogte"	"De hoogte in meter."	""	"hoogte"	"De hoogte in meter."	""	""	"true"	"https://wegenenverkeer-test.data.vlaanderen.be/ns/implementatieelement#"	"DtcAfmetingBxhInM.hoogte"	"http://www.w3.org/2002/07/owl#ObjectProperty"	"https://wegenenverkeer-test.data.vlaanderen.be/ns/implementatieelement#DtcAfmetingBxhInM"	"https://wegenenverkeer-test.data.vlaanderen.be/ns/implementatieelement#KwantWrdInMeter"	""	"1"	"1"
"attribute"	"OSLO-Implementatieelement"	"standaardEenheid"	"{B33B0B6F-AEE6-4b92-AB48-6503A73EBE10}"	""	"KwantWrdInMeter"	"{AD568F16-2A2F-4674-AB84-8600A2994308}"	"Literal"	"standaard eenheid"	"De standaard eenheid bij dit datatype is uitgedrukt in meter."	"""m""^^cdt:ucumunit"	"standaard eenheid"	"De standaard eenheid bij dit datatype is uitgedrukt in meter."	""	""	"true"	"https://wegenenverkeer-test.data.vlaanderen.be/ns/implementatieelement#"	"KwantWrdInMeter.standaardEenheid"	"http://www.w3.org/2002/07/owl#DatatypeProperty"	"https://wegenenverkeer-test.data.vlaanderen.be/ns/implementatieelement#KwantWrdInMeter"	"http://www.w3.org/2000/01/rdf-schema#Literal"	""	"1"	"1"
"attribute"	"OSLO-Implementatieelement"	"waarde"	"{87565B08-A307-403e-90B7-CA1FCC4499C3}"	""	"KwantWrdInMeter"	"{AD568F16-2A2F-4674-AB84-8600A2994308}"	"Decimal"	"waarde"	"Bevat een getal die bij het datatype hoort."	""	"waarde"	"Bevat een getal die bij het datatype hoort."	""	""	"true"	"https://wegenenverkeer-test.data.vlaanderen.be/ns/implementatieelement#"	"KwantWrdInMeter.waarde"	"http://www.w3.org/2002/07/owl#ObjectProperty"	"https://wegenenverkeer-test.data.vlaanderen.be/ns/implementatieelement#KwantWrdInMeter"	"http://www.w3.org/2001/XMLSchema#decimal"	""	"1"	"1"
"attribute"	"OSLO-Implementatieelement"	"standaardEenheid"	"{E4C76E88-0133-4923-B126-AA09BE420F59}"	""	"KwantWrdInUur"	"{A5AE82CF-CB73-424b-9E46-2FF584CF6626}"	"Literal"	"standaard eenheid"	"De standaard eenheid bij dit datatype is uitgedrukt in uur."	"""h""^^cdt:ucumunit"	"standaard eenheid"	"De standaard eenheid bij dit datatype is uitgedrukt in uur."	""	""	"true"	"https://wegenenverkeer-test.data.vlaanderen.be/ns/implementatieelement#"	"KwantWrdInUur.standaardEenheid"	"http://www.w3.org/2002/07/owl#DatatypeProperty"	"https://wegenenverkeer-test.data.vlaanderen.be/ns/implementatieelement#KwantWrdInUur"	"http://www.w3.org/2000/01/rdf-schema#Literal"	""	"1"	"1"
"attribute"	"OSLO-Implementatieelement"	"waarde"	"{49DED2D9-1F52-4641-89B4-98D6645CD3C1}"	""	"KwantWrdInUur"	"{A5AE82CF-CB73-424b-9E46-2FF584CF6626}"	"NonNegativeInteger"	"waarde"	"Bevat een getal die bij het datatype hoort."	""	"waarde"	"Bevat een getal die bij het datatype hoort."	""	""	"true"	"https://wegenenverkeer-test.data.vlaanderen.be/ns/implementatieelement#"	"KwantWrdInUur.waarde"	"http://www.w3.org/2002/07/owl#ObjectProperty"	"https://wegenenverkeer-test.data.vlaanderen.be/ns/implementatieelement#KwantWrdInUur"	"http://www.w3.org/2001/XMLSchema#nonNegativeInteger"	""	"1"	"1"
"attribute"	"OSLO-Implementatieelement"	"standaardEenheid"	"{3395398A-B93F-4950-9D9F-AFA0AF4314CB}"	""	"KwantWrdInMillimeter"	"{8039492D-CA1D-44d7-86A6-3842E7A97AD9}"	"Literal"	"standaard eenheid"	"De standaard eenheid bij dit datatype is uitgedrukt in millimeter."	"""mm""^^cdt:ucumunit"	"standaard eenheid"	"De standaard eenheid bij dit datatype is uitgedrukt in millimeter."	""	""	"true"	"https://wegenenverkeer-test.data.vlaanderen.be/ns/implementatieelement#"	"KwantWrdInMillimeter.standaardEenheid"	"http://www.w3.org/2002/07/owl#DatatypeProperty"	"https://wegenenverkeer-test.data.vlaanderen.be/ns/implementatieelement#KwantWrdInMillimeter"	"http://www.w3.org/2000/01/rdf-schema#Literal"	""	"1"	"1"
"attribute"	"OSLO-Implementatieelement"	"waarde"	"{5051E0E8-384D-4eae-8A12-69C6F0C20509}"	""	"KwantWrdInMillimeter"	"{8039492D-CA1D-44d7-86A6-3842E7A97AD9}"	"Decimal"	"waarde"	"Bevat een getal die bij het datatype hoort."	""	"waarde"	"Bevat een getal die bij het datatype hoort."	""	""	"true"	"https://wegenenverkeer-test.data.vlaanderen.be/ns/implementatieelement#"	"KwantWrdInMillimeter.waarde"	"http://www.w3.org/2002/07/owl#ObjectProperty"	"https://wegenenverkeer-test.data.vlaanderen.be/ns/implementatieelement#KwantWrdInMillimeter"	"http://www.w3.org/2001/XMLSchema#decimal"	""	"1"	"1"
"attribute"	"OSLO-Implementatieelement"	"bestandsnaam"	"{A3661F84-C7FB-48f4-B9E2-1654A91E2531}"	""	"DtcDocument"	"{67EDF58E-5D61-418a-8049-E320E3932F33}"	"String"	"bestandsnaam"	"De naam van het Document inclusief de bestandsextensie, van de naam gescheiden door een punt."	""	"bestandsnaam"	"De naam van het Document inclusief de bestandsextensie, van de naam gescheiden door een punt."	""	""	"true"	"https://wegenenverkeer-test.data.vlaanderen.be/ns/implementatieelement#"	"DtcDocument.bestandsnaam"	"http://www.w3.org/2002/07/owl#DatatypeProperty"	"https://wegenenverkeer-test.data.vlaanderen.be/ns/implementatieelement#DtcDocument"	"http://www.w3.org/2001/XMLSchema#string"	""	"1"	"1"
"attribute"	"OSLO-Implementatieelement"	"mimeType"	"{A1DB59BA-799C-4c7c-A72A-2BEFD80BDAA0}"	""	"DtcDocument"	"{67EDF58E-5D61-418a-8049-E320E3932F33}"	"KlAlgMimeType"	"mime-type"	"Het MIME type van het document."	""	"mime-type"	"Het MIME type van het document."	""	""	"true"	"https://wegenenverkeer-test.data.vlaanderen.be/ns/implementatieelement#"	"DtcDocument.mimeType"	"http://www.w3.org/2002/07/owl#ObjectProperty"	"https://wegenenverkeer-test.data.vlaanderen.be/ns/implementatieelement#DtcDocument"	"http://www.w3.org/2004/02/skos/core#Concept"	""	"1"	"1"
"attribute"	"OSLO-Implementatieelement"	"omschrijving"	"{A39A5112-AF66-4109-8F19-FAC561A079D7}"	""	"DtcDocument"	"{67EDF58E-5D61-418a-8049-E320E3932F33}"	"DteTekstblok"	"omschrijving"	"Een korte toelichting over waar het document juist voor dient."	""	"omschrijving"	"Een korte toelichting over waar het document juist voor dient."	""	""	"true"	"https://wegenenverkeer-test.data.vlaanderen.be/ns/implementatieelement#"	"DtcDocument.omschrijving"	"http://www.w3.org/2002/07/owl#ObjectProperty"	"https://wegenenverkeer-test.data.vlaanderen.be/ns/implementatieelement#DtcDocument"	"https://wegenenverkeer-test.data.vlaanderen.be/ns/implementatieelement#DteTekstblok"	""	"1"	"1"
"attribute"	"OSLO-Implementatieelement"	"uri"	"{C6062215-5DB3-4d6d-84A6-A59150E98109}"	""	"DtcDocument"	"{67EDF58E-5D61-418a-8049-E320E3932F33}"	"AnyURI"	"uri"	"De verwijzing naar de bestandslocatie via een link. Bij lokale bestanden kan dit eventueel ook een pad zijn."	""	"uri"	"De verwijzing naar de bestandslocatie via een link. Bij lokale bestanden kan dit eventueel ook een pad zijn."	""	""	"true"	"https://wegenenverkeer-test.data.vlaanderen.be/ns/implementatieelement#"	"DtcDocument.uri"	"http://www.w3.org/2002/07/owl#ObjectProperty"	"https://wegenenverkeer-test.data.vlaanderen.be/ns/implementatieelement#DtcDocument"	"http://www.w3.org/2001/XMLSchema#anyURI"	""	"1"	"1"
"attribute"	"OSLO-Implementatieelement"	"waarde"	"{CD7B71A6-BB9E-463b-AD15-7B096EA095BB}"	""	"DteTekstblok"	"{283DFABF-8123-4605-8E63-5220D7E90924}"	"String"	"waarde"	"De string welke uit meerdere zinnen bestaat, en ook regeleindes kan bevatten. Een tekstblok bevat maximaal 65.000 karakters."	""	"waarde"	"De string welke uit meerdere zinnen bestaat, en ook regeleindes kan bevatten. Een tekstblok bevat maximaal 65.000 karakters."	""	""	"true"	"https://wegenenverkeer-test.data.vlaanderen.be/ns/implementatieelement#"	"DteTekstblok.waarde"	"http://www.w3.org/2002/07/owl#DatatypeProperty"	"https://wegenenverkeer-test.data.vlaanderen.be/ns/implementatieelement#DteTekstblok"	"http://www.w3.org/2001/XMLSchema#string"	""	"1"	"1"
"attribute"	"OSLO-Implementatieelement"	"standaardEenheid"	"{C845B2C6-30CA-43fa-A553-90962637709B}"	""	"KwantWrdInSeconde"	"{89691DDD-7809-4c46-B797-4498F85435D7}"	"Literal"	"standaard eenheid"	"De standaard eenheid bij dit datatype is uitgedrukt in seconde."	"""s""^^cdt:ucumunit"	"standaard eenheid"	"De standaard eenheid bij dit datatype is uitgedrukt in seconde."	""	""	"true"	"https://wegenenverkeer-test.data.vlaanderen.be/ns/implementatieelement#"	"KwantWrdInSeconde.standaardEenheid"	"http://www.w3.org/2002/07/owl#DatatypeProperty"	"https://wegenenverkeer-test.data.vlaanderen.be/ns/implementatieelement#KwantWrdInSeconde"	"http://www.w3.org/2000/01/rdf-schema#Literal"	""	"1"	"1"
"attribute"	"OSLO-Implementatieelement"	"waarde"	"{0CA98E6C-4A18-4826-A547-AA9568479BFF}"	""	"KwantWrdInSeconde"	"{89691DDD-7809-4c46-B797-4498F85435D7}"	"NonNegativeInteger"	"waarde"	"Bevat een getal die bij het datatype hoort."	""	"waarde"	"Bevat een getal die bij het datatype hoort."	""	""	"true"	"https://wegenenverkeer-test.data.vlaanderen.be/ns/implementatieelement#"	"KwantWrdInSeconde.waarde"	"http://www.w3.org/2002/07/owl#ObjectProperty"	"https://wegenenverkeer-test.data.vlaanderen.be/ns/implementatieelement#KwantWrdInSeconde"	"http://www.w3.org/2001/XMLSchema#nonNegativeInteger"	""	"1"	"1"
"attribute"	"OSLO-Implementatieelement"	"standaardEenheid"	"{79B35938-34B8-4589-BEAE-5D5A747B7913}"	""	"KwantWrdInMinuut"	"{072AFC2B-653C-4a03-928E-38655DCC5CA6}"	"Literal"	"standaard eenheid"	"De standaard eenheid bij dit datatype is uitgedrukt in minuten."	"""min""^^cdt:ucumunit"	"standaard eenheid"	"De standaard eenheid bij dit datatype is uitgedrukt in minuten."	""	""	"true"	"https://wegenenverkeer-test.data.vlaanderen.be/ns/implementatieelement#"	"KwantWrdInMinuut.standaardEenheid"	"http://www.w3.org/2002/07/owl#DatatypeProperty"	"https://wegenenverkeer-test.data.vlaanderen.be/ns/implementatieelement#KwantWrdInMinuut"	"http://www.w3.org/2000/01/rdf-schema#Literal"	""	"1"	"1"
"attribute"	"OSLO-Implementatieelement"	"waarde"	"{D53FCEE7-AC89-4f10-8906-08149180630E}"	""	"KwantWrdInMinuut"	"{072AFC2B-653C-4a03-928E-38655DCC5CA6}"	"NonNegativeInteger"	"waarde"	"Bevat een getal die bij het datatype hoort."	""	"waarde"	"Bevat een getal die bij het datatype hoort."	""	""	"true"	"https://wegenenverkeer-test.data.vlaanderen.be/ns/implementatieelement#"	"KwantWrdInMinuut.waarde"	"http://www.w3.org/2002/07/owl#ObjectProperty"	"https://wegenenverkeer-test.data.vlaanderen.be/ns/implementatieelement#KwantWrdInMinuut"	"http://www.w3.org/2001/XMLSchema#nonNegativeInteger"	""	"1"	"1"
"attribute"	"OSLO-Implementatieelement"	"breedte"	"{01163DEF-9975-446b-8DD0-9BDB4EA5062D}"	""	"DtcAfmetingBxlxhInMm"	"{F8738032-F6DF-4b2b-B396-C8FF3D978B06}"	"KwantWrdInMillimeter"	"breedte"	"De breedte in millimeter."	""	"breedte"	"De breedte in millimeter."	""	""	"true"	"https://wegenenverkeer-test.data.vlaanderen.be/ns/implementatieelement#"	"DtcAfmetingBxlxhInMm.breedte"	"http://www.w3.org/2002/07/owl#ObjectProperty"	"https://wegenenverkeer-test.data.vlaanderen.be/ns/implementatieelement#DtcAfmetingBxlxhInMm"	"https://wegenenverkeer-test.data.vlaanderen.be/ns/implementatieelement#KwantWrdInMillimeter"	""	"1"	"1"
"attribute"	"OSLO-Implementatieelement"	"hoogte"	"{69964653-7611-4ae2-B2D7-55F1C339BC05}"	""	"DtcAfmetingBxlxhInMm"	"{F8738032-F6DF-4b2b-B396-C8FF3D978B06}"	"KwantWrdInMillimeter"	"hoogte"	"De hoogte in millimeter."	""	"hoogte"	"De hoogte in millimeter."	""	""	"true"	"https://wegenenverkeer-test.data.vlaanderen.be/ns/implementatieelement#"	"DtcAfmetingBxlxhInMm.hoogte"	"http://www.w3.org/2002/07/owl#ObjectProperty"	"https://wegenenverkeer-test.data.vlaanderen.be/ns/implementatieelement#DtcAfmetingBxlxhInMm"	"https://wegenenverkeer-test.data.vlaanderen.be/ns/implementatieelement#KwantWrdInMillimeter"	""	"1"	"1"
"attribute"	"OSLO-Implementatieelement"	"lengte"	"{84AF26F9-1507-4174-9968-F3EB8895E2B9}"	""	"DtcAfmetingBxlxhInMm"	"{F8738032-F6DF-4b2b-B396-C8FF3D978B06}"	"KwantWrdInMillimeter"	"lengte"	"De lengte in millimeter."	""	"lengte"	"De lengte in millimeter."	""	""	"true"	"https://wegenenverkeer-test.data.vlaanderen.be/ns/implementatieelement#"	"DtcAfmetingBxlxhInMm.lengte"	"http://www.w3.org/2002/07/owl#ObjectProperty"	"https://wegenenverkeer-test.data.vlaanderen.be/ns/implementatieelement#DtcAfmetingBxlxhInMm"	"https://wegenenverkeer-test.data.vlaanderen.be/ns/implementatieelement#KwantWrdInMillimeter"	""	"1"	"1"
"attribute"	"OSLO-Onderdeel"	"aansluitvermogen"	"{01BD7B60-1A23-403c-A55C-3AFDAA5DD1B2}"	""	"Voedt"	"{4B2D5BB6-CBBE-4141-963A-E73AF12F611C}"	"KwantWrdInVolt"	"aansluitvermogen"	"Vermogen van de aansluiting, dit wordt enkel ingevuld op voedingsrelaties voorbij de hoofdschakelaar."	""	"aansluitvermogen"	"Vermogen van de aansluiting, dit wordt enkel ingevuld op voedingsrelaties voorbij de hoofdschakelaar."	""	""	"true"	"https://wegenenverkeer-test.data.vlaanderen.be/ns/onderdeel#"	"Voedt.aansluitvermogen"	"http://www.w3.org/2002/07/owl#ObjectProperty"	"https://wegenenverkeer-test.data.vlaanderen.be/ns/onderdeel#Voedt"	"https://wegenenverkeer-test.data.vlaanderen.be/ns/implementatieelement#KwantWrdInVolt"	""	"1"	"1"
"attribute"	"OSLO-Implementatieelement"	"in ontwerp"	"{BB3EE4DB-F700-4838-802F-EED8ECAEBE3A}"	""	"KlAIMToestand"	"{DEB5640D-3AF2-4a4c-9887-62F91AF017F9}"	""	""	""	""	""	"TODO"	""	""	"true"	"https://wegenenverkeer-test.data.vlaanderen.be/ns/implementatieelement/KlAIMToestand/in "	"https://wegenenverkeer-test.data.vlaanderen.be/ns/implementatieelement/KlAIMToestand/in ontwerp"	"http://www.w3.org/2004/02/skos/core#Concept"	""	""	""	""	""
"attribute"	"OSLO-Implementatieelement"	"gepland"	"{EFC62D9F-0331-49e4-8310-4670C3B018DA}"	""	"KlAIMToestand"	"{DEB5640D-3AF2-4a4c-9887-62F91AF017F9}"	""	""	""	""	""	"TODO"	""	""	"true"	"https://wegenenverkeer-test.data.vlaanderen.be/ns/implementatieelement/KlAIMToestand/"	"https://wegenenverkeer-test.data.vlaanderen.be/ns/implementatieelement/KlAIMToestand/gepland"	"http://www.w3.org/2004/02/skos/core#Concept"	""	""	""	""	""
"attribute"	"OSLO-Implementatieelement"	"in opbouw"	"{7FE30A55-B2BB-4b49-BB01-A6B1E2035263}"	""	"KlAIMToestand"	"{DEB5640D-3AF2-4a4c-9887-62F91AF017F9}"	""	""	""	""	""	"TODO"	""	""	"true"	"https://wegenenverkeer-test.data.vlaanderen.be/ns/implementatieelement/KlAIMToestand/in "	"https://wegenenverkeer-test.data.vlaanderen.be/ns/implementatieelement/KlAIMToestand/in opbouw"	"http://www.w3.org/2004/02/skos/core#Concept"	""	""	""	""	""
"attribute"	"OSLO-Implementatieelement"	"geannuleerd"	"{F642181F-7F65-4565-A5D7-973EB7DE46B8}"	""	"KlAIMToestand"	"{DEB5640D-3AF2-4a4c-9887-62F91AF017F9}"	""	""	""	""	""	"TODO"	""	""	"true"	"https://wegenenverkeer-test.data.vlaanderen.be/ns/implementatieelement/KlAIMToestand/"	"https://wegenenverkeer-test.data.vlaanderen.be/ns/implementatieelement/KlAIMToestand/geannuleerd"	"http://www.w3.org/2004/02/skos/core#Concept"	""	""	""	""	""
"attribute"	"OSLO-Implementatieelement"	"in gebruik"	"{27F2217D-5714-4e85-A955-5EBD2981090E}"	""	"KlAIMToestand"	"{DEB5640D-3AF2-4a4c-9887-62F91AF017F9}"	""	""	""	""	""	"TODO"	""	""	"true"	"https://wegenenverkeer-test.data.vlaanderen.be/ns/implementatieelement/KlAIMToestand/in "	"https://wegenenverkeer-test.data.vlaanderen.be/ns/implementatieelement/KlAIMToestand/in gebruik"	"http://www.w3.org/2004/02/skos/core#Concept"	""	""	""	""	""
"attribute"	"OSLO-Implementatieelement"	"overgedragen"	"{92158AAF-9F6F-462f-917F-17FCE6C8CF56}"	""	"KlAIMToestand"	"{DEB5640D-3AF2-4a4c-9887-62F91AF017F9}"	""	""	""	""	""	"TODO"	""	""	"true"	"https://wegenenverkeer-test.data.vlaanderen.be/ns/implementatieelement/KlAIMToestand/"	"https://wegenenverkeer-test.data.vlaanderen.be/ns/implementatieelement/KlAIMToestand/overgedragen"	"http://www.w3.org/2004/02/skos/core#Concept"	""	""	""	""	""
"attribute"	"OSLO-Implementatieelement"	"uit gebruik"	"{8C60C586-279B-46d9-A924-0AD63808A4EA}"	""	"KlAIMToestand"	"{DEB5640D-3AF2-4a4c-9887-62F91AF017F9}"	""	""	""	""	""	"TODO"	""	""	"true"	"https://wegenenverkeer-test.data.vlaanderen.be/ns/implementatieelement/KlAIMToestand/uit "	"https://wegenenverkeer-test.data.vlaanderen.be/ns/implementatieelement/KlAIMToestand/uit gebruik"	"http://www.w3.org/2004/02/skos/core#Concept"	""	""	""	""	""
"attribute"	"OSLO-Implementatieelement"	"verwijderd"	"{794E3DD9-4297-4a7f-BEA7-C8F0264BDEE7}"	""	"KlAIMToestand"	"{DEB5640D-3AF2-4a4c-9887-62F91AF017F9}"	""	""	""	""	""	"TODO"	""	""	"true"	"https://wegenenverkeer-test.data.vlaanderen.be/ns/implementatieelement/KlAIMToestand/"	"https://wegenenverkeer-test.data.vlaanderen.be/ns/implementatieelement/KlAIMToestand/verwijderd"	"http://www.w3.org/2004/02/skos/core#Concept"	""	""	""	""	""
"attribute"	"OSLO-Onderdeel"	"2"	"{0699CA86-BAED-4a73-BE27-EB00181482FA}"	""	"KlIOBitSnelheid"	"{8E9C876C-4B24-494a-AF88-8D5A7B8680FA}"	""	""	""	""	""	"TODO"	""	""	"true"	"https://wegenenverkeer-test.data.vlaanderen.be/ns/onderdeel/KlIOBitSnelheid/2"	"https://wegenenverkeer-test.data.vlaanderen.be/ns/onderdeel/KlIOBitSnelheid/2"	"http://www.w3.org/2004/02/skos/core#Concept"	""	""	""	""	""
"attribute"	"OSLO-Onderdeel"	"4"	"{BF2D66A1-2692-4194-BCB8-8F61E1EFCFD2}"	""	"KlIOBitSnelheid"	"{8E9C876C-4B24-494a-AF88-8D5A7B8680FA}"	""	""	""	""	""	"TODO"	""	""	"true"	"https://wegenenverkeer-test.data.vlaanderen.be/ns/onderdeel/KlIOBitSnelheid/4"	"https://wegenenverkeer-test.data.vlaanderen.be/ns/onderdeel/KlIOBitSnelheid/4"	"http://www.w3.org/2004/02/skos/core#Concept"	""	""	""	""	""
"attribute"	"OSLO-Onderdeel"	"8"	"{D2A725C3-18F2-45ab-A1D1-E36D22323D60}"	""	"KlIOBitSnelheid"	"{8E9C876C-4B24-494a-AF88-8D5A7B8680FA}"	""	""	""	""	""	"TODO"	""	""	"true"	"https://wegenenverkeer-test.data.vlaanderen.be/ns/onderdeel/KlIOBitSnelheid/8"	"https://wegenenverkeer-test.data.vlaanderen.be/ns/onderdeel/KlIOBitSnelheid/8"	"http://www.w3.org/2004/02/skos/core#Concept"	""	""	""	""	""
"attribute"	"OSLO-Onderdeel"	"16"	"{0C8531EF-3E51-441c-935C-7C0CDC347026}"	""	"KlIOBitSnelheid"	"{8E9C876C-4B24-494a-AF88-8D5A7B8680FA}"	""	""	""	""	""	"TODO"	""	""	"true"	"https://wegenenverkeer-test.data.vlaanderen.be/ns/onderdeel/KlIOBitSnelheid/16"	"https://wegenenverkeer-test.data.vlaanderen.be/ns/onderdeel/KlIOBitSnelheid/16"	"http://www.w3.org/2004/02/skos/core#Concept"	""	""	""	""	""
"attribute"	"OSLO-Onderdeel"	"32"	"{FB5137F4-EC4F-43c9-BB17-8136493DC43F}"	""	"KlIOBitSnelheid"	"{8E9C876C-4B24-494a-AF88-8D5A7B8680FA}"	""	""	""	""	""	"TODO"	""	""	"true"	"https://wegenenverkeer-test.data.vlaanderen.be/ns/onderdeel/KlIOBitSnelheid/32"	"https://wegenenverkeer-test.data.vlaanderen.be/ns/onderdeel/KlIOBitSnelheid/32"	"http://www.w3.org/2004/02/skos/core#Concept"	""	""	""	""	""
"attribute"	"OSLO-Onderdeel"	"input"	"{49914D10-8C92-4551-8F92-862A249F8121}"	""	"KlIORichting"	"{548DD3F7-1924-47da-BEB4-CD79EECFFB52}"	""	""	""	""	""	"TODO"	""	""	"true"	"https://wegenenverkeer-test.data.vlaanderen.be/ns/onderdeel/KlIORichting/"	"https://wegenenverkeer-test.data.vlaanderen.be/ns/onderdeel/KlIORichting/input"	"http://www.w3.org/2004/02/skos/core#Concept"	""	""	""	""	""
"attribute"	"OSLO-Onderdeel"	"output"	"{68EF5505-E6EC-437f-9FE1-8782E05B44ED}"	""	"KlIORichting"	"{548DD3F7-1924-47da-BEB4-CD79EECFFB52}"	""	""	""	""	""	"TODO"	""	""	"true"	"https://wegenenverkeer-test.data.vlaanderen.be/ns/onderdeel/KlIORichting/"	"https://wegenenverkeer-test.data.vlaanderen.be/ns/onderdeel/KlIORichting/output"	"http://www.w3.org/2004/02/skos/core#Concept"	""	""	""	""	""
"attribute"	"OSLO-Onderdeel"	"analoog"	"{EFBC9266-F82F-4b1e-A22A-815568EF454F}"	""	"KlIOSignaaltype"	"{C17B243F-0651-4cad-A581-C340B8401F83}"	""	""	""	""	""	"TODO"	""	""	"true"	"https://wegenenverkeer-test.data.vlaanderen.be/ns/onderdeel/KlIOSignaaltype/"	"https://wegenenverkeer-test.data.vlaanderen.be/ns/onderdeel/KlIOSignaaltype/analoog"	"http://www.w3.org/2004/02/skos/core#Concept"	""	""	""	""	""
"attribute"	"OSLO-Onderdeel"	"digitaal"	"{6C68EA73-94B3-4264-AA07-C182E77498DF}"	""	"KlIOSignaaltype"	"{C17B243F-0651-4cad-A581-C340B8401F83}"	""	""	""	""	""	"TODO"	""	""	"true"	"https://wegenenverkeer-test.data.vlaanderen.be/ns/onderdeel/KlIOSignaaltype/"	"https://wegenenverkeer-test.data.vlaanderen.be/ns/onderdeel/KlIOSignaaltype/digitaal"	"http://www.w3.org/2004/02/skos/core#Concept"	""	""	""	""	""
"attribute"	"OSLO-Abstracten"	"klink"	"{5270BC9A-F1AE-431a-88D3-8A8E8EFFE273}"	""	"KlDeurHandgreeptype"	"{4B645691-1323-49f7-A891-1E6497812865}"	""	""	""	""	""	"TODO"	""	""	"true"	"https://wegenenverkeer-test.data.vlaanderen.be/ns/abstracten/KlDeurHandgreeptype/"	"https://wegenenverkeer-test.data.vlaanderen.be/ns/abstracten/KlDeurHandgreeptype/klink"	"http://www.w3.org/2004/02/skos/core#Concept"	""	""	""	""	""
"attribute"	"OSLO-Abstracten"	"handvat"	"{13F5E63D-EBC0-4386-8D78-FAAB788381A5}"	""	"KlDeurHandgreeptype"	"{4B645691-1323-49f7-A891-1E6497812865}"	""	""	""	""	""	"TODO"	""	""	"true"	"https://wegenenverkeer-test.data.vlaanderen.be/ns/abstracten/KlDeurHandgreeptype/"	"https://wegenenverkeer-test.data.vlaanderen.be/ns/abstracten/KlDeurHandgreeptype/handvat"	"http://www.w3.org/2004/02/skos/core#Concept"	""	""	""	""	""
"attribute"	"OSLO-Abstracten"	"hendel RWS"	"{AFCB4FD5-4261-4465-9A75-D70CE39F6F5F}"	""	"KlDeurHandgreeptype"	"{4B645691-1323-49f7-A891-1E6497812865}"	""	""	""	""	""	"TODO"	""	""	"true"	"https://wegenenverkeer-test.data.vlaanderen.be/ns/abstracten/KlDeurHandgreeptype/hendel "	"https://wegenenverkeer-test.data.vlaanderen.be/ns/abstracten/KlDeurHandgreeptype/hendel RWS"	"http://www.w3.org/2004/02/skos/core#Concept"	""	""	""	""	""
"attribute"	"OSLO-Implementatieelement"	"video-avi"	"{000DCA30-C1AA-465e-9C5A-813F8957C7EC}"	""	"KlAlgMimeType"	"{A3D5FB7B-2F63-43a7-8233-54C3F277D5A5}"	""	""	""	""	""	"TODO"	""	""	"true"	"https://wegenenverkeer-test.data.vlaanderen.be/ns/implementatieelement/KlAlgMimeType/"	"https://wegenenverkeer-test.data.vlaanderen.be/ns/implementatieelement/KlAlgMimeType/video-avi"	"http://www.w3.org/2004/02/skos/core#Concept"	""	""	""	""	""
"attribute"	"OSLO-Implementatieelement"	"text-csv"	"{38FC65B7-6666-4f2f-9BA4-58BBAD51F091}"	""	"KlAlgMimeType"	"{A3D5FB7B-2F63-43a7-8233-54C3F277D5A5}"	""	""	""	""	""	"TODO"	""	""	"true"	"https://wegenenverkeer-test.data.vlaanderen.be/ns/implementatieelement/KlAlgMimeType/"	"https://wegenenverkeer-test.data.vlaanderen.be/ns/implementatieelement/KlAlgMimeType/text-csv"	"http://www.w3.org/2004/02/skos/core#Concept"	""	""	""	""	""
"attribute"	"OSLO-Implementatieelement"	"application-vnd.openxmlformats-officedocument.wordprocessingml.document"	"{379B2657-565B-4931-A86B-588B1B2B88CD}"	""	"KlAlgMimeType"	"{A3D5FB7B-2F63-43a7-8233-54C3F277D5A5}"	""	""	""	""	""	"TODO"	""	""	"true"	"https://wegenenverkeer-test.data.vlaanderen.be/ns/implementatieelement/KlAlgMimeType/"	"https://wegenenverkeer-test.data.vlaanderen.be/ns/implementatieelement/KlAlgMimeType/application-vnd.openxmlformats-officedocument.wordprocessingml.document"	"http://www.w3.org/2004/02/skos/core#Concept"	""	""	""	""	""
"attribute"	"OSLO-Implementatieelement"	"text-html"	"{1119C401-9F56-4494-86D0-A56DA3832B1A}"	""	"KlAlgMimeType"	"{A3D5FB7B-2F63-43a7-8233-54C3F277D5A5}"	""	""	""	""	""	"TODO"	""	""	"true"	"https://wegenenverkeer-test.data.vlaanderen.be/ns/implementatieelement/KlAlgMimeType/"	"https://wegenenverkeer-test.data.vlaanderen.be/ns/implementatieelement/KlAlgMimeType/text-html"	"http://www.w3.org/2004/02/skos/core#Concept"	""	""	""	""	""
"attribute"	"OSLO-Implementatieelement"	"image-jpeg"	"{7E649D8A-3043-403f-9C77-5648034B7CB4}"	""	"KlAlgMimeType"	"{A3D5FB7B-2F63-43a7-8233-54C3F277D5A5}"	""	""	""	""	""	"TODO"	""	""	"true"	"https://wegenenverkeer-test.data.vlaanderen.be/ns/implementatieelement/KlAlgMimeType/"	"https://wegenenverkeer-test.data.vlaanderen.be/ns/implementatieelement/KlAlgMimeType/image-jpeg"	"http://www.w3.org/2004/02/skos/core#Concept"	""	""	""	""	""
"attribute"	"OSLO-Implementatieelement"	"application-pdf"	"{49326413-2197-4200-ADDD-44E599D6F31B}"	""	"KlAlgMimeType"	"{A3D5FB7B-2F63-43a7-8233-54C3F277D5A5}"	""	""	""	""	""	"TODO"	""	""	"true"	"https://wegenenverkeer-test.data.vlaanderen.be/ns/implementatieelement/KlAlgMimeType/"	"https://wegenenverkeer-test.data.vlaanderen.be/ns/implementatieelement/KlAlgMimeType/application-pdf"	"http://www.w3.org/2004/02/skos/core#Concept"	""	""	""	""	""
"attribute"	"OSLO-Implementatieelement"	"application-rtf"	"{92B170BA-6271-42c8-9E19-C811B8DFF6A6}"	""	"KlAlgMimeType"	"{A3D5FB7B-2F63-43a7-8233-54C3F277D5A5}"	""	""	""	""	""	"TODO"	""	""	"true"	"https://wegenenverkeer-test.data.vlaanderen.be/ns/implementatieelement/KlAlgMimeType/"	"https://wegenenverkeer-test.data.vlaanderen.be/ns/implementatieelement/KlAlgMimeType/application-rtf"	"http://www.w3.org/2004/02/skos/core#Concept"	""	""	""	""	""
"attribute"	"OSLO-Implementatieelement"	"image-tiff"	"{5916719C-2AD4-4a6f-A492-1B2B81D321B6}"	""	"KlAlgMimeType"	"{A3D5FB7B-2F63-43a7-8233-54C3F277D5A5}"	""	""	""	""	""	"TODO"	""	""	"true"	"https://wegenenverkeer-test.data.vlaanderen.be/ns/implementatieelement/KlAlgMimeType/"	"https://wegenenverkeer-test.data.vlaanderen.be/ns/implementatieelement/KlAlgMimeType/image-tiff"	"http://www.w3.org/2004/02/skos/core#Concept"	""	""	""	""	""
"attribute"	"OSLO-Implementatieelement"	"application-vnd.openxmlformats-officedocument.spreadsheetml.sheet"	"{CB342CFE-E293-4f1b-B1BD-2CE7D059FCEF}"	""	"KlAlgMimeType"	"{A3D5FB7B-2F63-43a7-8233-54C3F277D5A5}"	""	""	""	""	""	"TODO"	""	""	"true"	"https://wegenenverkeer-test.data.vlaanderen.be/ns/implementatieelement/KlAlgMimeType/"	"https://wegenenverkeer-test.data.vlaanderen.be/ns/implementatieelement/KlAlgMimeType/application-vnd.openxmlformats-officedocument.spreadsheetml.sheet"	"http://www.w3.org/2004/02/skos/core#Concept"	""	""	""	""	""
"attribute"	"OSLO-Implementatieelement"	"application-xml"	"{05E732D4-0049-4a3f-B968-0C428042F0D1}"	""	"KlAlgMimeType"	"{A3D5FB7B-2F63-43a7-8233-54C3F277D5A5}"	""	""	""	""	""	"TODO"	""	""	"true"	"https://wegenenverkeer-test.data.vlaanderen.be/ns/implementatieelement/KlAlgMimeType/"	"https://wegenenverkeer-test.data.vlaanderen.be/ns/implementatieelement/KlAlgMimeType/application-xml"	"http://www.w3.org/2004/02/skos/core#Concept"	""	""	""	""	""
"attribute"	"OSLO-Implementatieelement"	"application-zip"	"{59166A9B-8FF6-4a27-959D-B68E314460ED}"	""	"KlAlgMimeType"	"{A3D5FB7B-2F63-43a7-8233-54C3F277D5A5}"	""	""	""	""	""	"TODO"	""	""	"true"	"https://wegenenverkeer-test.data.vlaanderen.be/ns/implementatieelement/KlAlgMimeType/"	"https://wegenenverkeer-test.data.vlaanderen.be/ns/implementatieelement/KlAlgMimeType/application-zip"	"http://www.w3.org/2004/02/skos/core#Concept"	""	""	""	""	""
"attribute"	"OSLO-Implementatieelement"	"application-acad"	"{3ABC01F5-B1E4-4289-8E29-89F361A4BC7A}"	""	"KlAlgMimeType"	"{A3D5FB7B-2F63-43a7-8233-54C3F277D5A5}"	""	""	""	""	""	"TODO"	""	""	"true"	"https://wegenenverkeer-test.data.vlaanderen.be/ns/implementatieelement/KlAlgMimeType/"	"https://wegenenverkeer-test.data.vlaanderen.be/ns/implementatieelement/KlAlgMimeType/application-acad"	"http://www.w3.org/2004/02/skos/core#Concept"	""	""	""	""	""
"attribute"	"OSLO-Implementatieelement"	"application-acadmap"	"{5E4CBF2A-93A3-478d-AE30-096E8A816661}"	""	"KlAlgMimeType"	"{A3D5FB7B-2F63-43a7-8233-54C3F277D5A5}"	""	""	""	""	""	"TODO"	""	""	"true"	"https://wegenenverkeer-test.data.vlaanderen.be/ns/implementatieelement/KlAlgMimeType/"	"https://wegenenverkeer-test.data.vlaanderen.be/ns/implementatieelement/KlAlgMimeType/application-acadmap"	"http://www.w3.org/2004/02/skos/core#Concept"	""	""	""	""	""
"attribute"	"OSLO-Implementatieelement"	"text-rtf"	"{F3AD5EBA-FD5F-4bb7-A101-EE687BAFA902}"	""	"KlAlgMimeType"	"{A3D5FB7B-2F63-43a7-8233-54C3F277D5A5}"	""	""	""	""	""	"TODO"	""	""	"true"	"https://wegenenverkeer-test.data.vlaanderen.be/ns/implementatieelement/KlAlgMimeType/"	"https://wegenenverkeer-test.data.vlaanderen.be/ns/implementatieelement/KlAlgMimeType/text-rtf"	"http://www.w3.org/2004/02/skos/core#Concept"	""	""	""	""	""
"attribute"	"OSLO-Implementatieelement"	"text-xml"	"{D9445EF4-1A25-427b-8CE6-099CC2FE654A}"	""	"KlAlgMimeType"	"{A3D5FB7B-2F63-43a7-8233-54C3F277D5A5}"	""	""	""	""	""	"TODO"	""	""	"true"	"https://wegenenverkeer-test.data.vlaanderen.be/ns/implementatieelement/KlAlgMimeType/"	"https://wegenenverkeer-test.data.vlaanderen.be/ns/implementatieelement/KlAlgMimeType/text-xml"	"http://www.w3.org/2004/02/skos/core#Concept"	""	""	""	""	""
"attribute"	"OSLO-Implementatieelement"	"image-dxf"	"{625BD88C-FE5C-4559-AADA-6777801AA862}"	""	"KlAlgMimeType"	"{A3D5FB7B-2F63-43a7-8233-54C3F277D5A5}"	""	""	""	""	""	"TODO"	""	""	"true"	"https://wegenenverkeer-test.data.vlaanderen.be/ns/implementatieelement/KlAlgMimeType/"	"https://wegenenverkeer-test.data.vlaanderen.be/ns/implementatieelement/KlAlgMimeType/image-dxf"	"http://www.w3.org/2004/02/skos/core#Concept"	""	""	""	""	""
"attribute"	"OSLO-Implementatieelement"	"image-svg"	"{96D77DEA-26A5-4f9f-8C12-938745C25662}"	""	"KlAlgMimeType"	"{A3D5FB7B-2F63-43a7-8233-54C3F277D5A5}"	""	""	""	""	""	"TODO"	""	""	"true"	"https://wegenenverkeer-test.data.vlaanderen.be/ns/implementatieelement/KlAlgMimeType/"	"https://wegenenverkeer-test.data.vlaanderen.be/ns/implementatieelement/KlAlgMimeType/image-svg"	"http://www.w3.org/2004/02/skos/core#Concept"	""	""	""	""	""
"attribute"	"OSLO-Onderdeel"	"nooddeurnummer"	"{1BB54625-D771-4d5c-B5E2-FC593F0FB53F}"	""	"KlPictogramSymbool"	"{4389F7A5-0508-4f25-92A2-2BB1C83F9C0F}"	""	"nooddeurnummer"	"Een nummer dat de nooddeur identificeert."	""	"nooddeurnummer"	"Een nummer dat de nooddeur identificeert."	""	""	"true"	"https://wegenenverkeer-test.data.vlaanderen.be/ns/onderdeel/KlPictogramSymbool/"	"https://wegenenverkeer-test.data.vlaanderen.be/ns/onderdeel/KlPictogramSymbool/nooddeurnummer"	"http://www.w3.org/2004/02/skos/core#Concept"	""	""	""	""	""
"attribute"	"OSLO-Onderdeel"	"nummer veiligheidsnis"	"{74B07584-45F4-4963-9FDE-15C21D895B8C}"	""	"KlPictogramSymbool"	"{4389F7A5-0508-4f25-92A2-2BB1C83F9C0F}"	""	"nummer veiligheidsnis"	"Nummer veiligheidsnis"	""	"nummer veiligheidsnis"	"Nummer veiligheidsnis"	""	""	"true"	"https://wegenenverkeer-test.data.vlaanderen.be/ns/onderdeel/KlPictogramSymbool/nummer "	"https://wegenenverkeer-test.data.vlaanderen.be/ns/onderdeel/KlPictogramSymbool/nummer veiligheidsnis"	"http://www.w3.org/2004/02/skos/core#Concept"	""	""	""	""	""
"attribute"	"OSLO-Onderdeel"	"hydrant bovengronds (H)"	"{D4EAD0C0-3A74-4d0d-9A7D-154AA904BE4E}"	""	"KlPictogramSymbool"	"{4389F7A5-0508-4f25-92A2-2BB1C83F9C0F}"	""	"hydrant bovengronds (H)"	"Hydrant bovengronds (H)"	""	"hydrant bovengronds (H)"	"Hydrant bovengronds (H)"	""	""	"true"	"https://wegenenverkeer-test.data.vlaanderen.be/ns/onderdeel/KlPictogramSymbool/hydrant bovengronds (H)"	"https://wegenenverkeer-test.data.vlaanderen.be/ns/onderdeel/KlPictogramSymbool/hydrant bovengronds (H)"	"http://www.w3.org/2004/02/skos/core#Concept"	""	""	""	""	""
"attribute"	"OSLO-Onderdeel"	"hydrant ondergronds (B)"	"{06404779-0902-48b8-83B8-464AED0E1F64}"	""	"KlPictogramSymbool"	"{4389F7A5-0508-4f25-92A2-2BB1C83F9C0F}"	""	"hydrant ondergronds (B)"	"Hydrant ondergronds (B)"	""	"hydrant ondergronds (B)"	"Hydrant ondergronds (B)"	""	""	"true"	"https://wegenenverkeer-test.data.vlaanderen.be/ns/onderdeel/KlPictogramSymbool/hydrant ondergronds (B)"	"https://wegenenverkeer-test.data.vlaanderen.be/ns/onderdeel/KlPictogramSymbool/hydrant ondergronds (B)"	"http://www.w3.org/2004/02/skos/core#Concept"	""	""	""	""	""
"attribute"	"OSLO-Onderdeel"	"tunnelnaam"	"{BAD54D8F-7FE1-40cb-9ACB-0A8043A0B15E}"	""	"KlPictogramSymbool"	"{4389F7A5-0508-4f25-92A2-2BB1C83F9C0F}"	""	"tunnelnaam"	"De naam van een tunnel."	""	"tunnelnaam"	"De naam van een tunnel."	""	""	"true"	"https://wegenenverkeer-test.data.vlaanderen.be/ns/onderdeel/KlPictogramSymbool/"	"https://wegenenverkeer-test.data.vlaanderen.be/ns/onderdeel/KlPictogramSymbool/tunnelnaam"	"http://www.w3.org/2004/02/skos/core#Concept"	""	""	""	""	""
"attribute"	"OSLO-Onderdeel"	"verbodsbord"	"{E0358D82-0A71-471e-B677-D922F4B2F6C7}"	""	"KlPictogramSymbool"	"{4389F7A5-0508-4f25-92A2-2BB1C83F9C0F}"	""	"verbodsbord"	"Een verkeersbord dat een verbod oplegt."	""	"verbodsbord"	"Een verkeersbord dat een verbod oplegt."	""	""	"true"	"https://wegenenverkeer-test.data.vlaanderen.be/ns/onderdeel/KlPictogramSymbool/"	"https://wegenenverkeer-test.data.vlaanderen.be/ns/onderdeel/KlPictogramSymbool/verbodsbord"	"http://www.w3.org/2004/02/skos/core#Concept"	""	""	""	""	""
"attribute"	"OSLO-Onderdeel"	"vluchtend persoon"	"{9190C5B5-053D-4ac0-A69F-AD35E0B23BEB}"	""	"KlPictogramSymbool"	"{4389F7A5-0508-4f25-92A2-2BB1C83F9C0F}"	""	"vluchtend persoon"	"Vluchtend persoon"	""	"vluchtend persoon"	"Vluchtend persoon"	""	""	"true"	"https://wegenenverkeer-test.data.vlaanderen.be/ns/onderdeel/KlPictogramSymbool/vluchtend "	"https://wegenenverkeer-test.data.vlaanderen.be/ns/onderdeel/KlPictogramSymbool/vluchtend persoon"	"http://www.w3.org/2004/02/skos/core#Concept"	""	""	""	""	""
"attribute"	"OSLO-Onderdeel"	"LED"	"{F9176C15-323A-4c10-B7E3-477EABBA67F9}"	""	"KlBinnenverlichtingstoestelSoortLamp"	"{C7CB2163-42A8-4257-9FF5-F2FC1B565458}"	""	""	""	""	""	"TODO"	""	""	"true"	"https://wegenenverkeer-test.data.vlaanderen.be/ns/onderdeel/KlBinnenverlichtingstoestelSoortLamp/"	"https://wegenenverkeer-test.data.vlaanderen.be/ns/onderdeel/KlBinnenverlichtingstoestelSoortLamp/LED"	"http://www.w3.org/2004/02/skos/core#Concept"	""	""	""	""	""
"attribute"	"OSLO-Onderdeel"	"TL"	"{6E93010B-C89D-46b7-BD26-C6FEC74555CE}"	""	"KlBinnenverlichtingstoestelSoortLamp"	"{C7CB2163-42A8-4257-9FF5-F2FC1B565458}"	""	""	""	""	""	"TODO"	""	""	"true"	"https://wegenenverkeer-test.data.vlaanderen.be/ns/onderdeel/KlBinnenverlichtingstoestelSoortLamp/"	"https://wegenenverkeer-test.data.vlaanderen.be/ns/onderdeel/KlBinnenverlichtingstoestelSoortLamp/TL"	"http://www.w3.org/2004/02/skos/core#Concept"	""	""	""	""	""
"attribute"	"OSLO-Onderdeel"	"spaarlamp"	"{69DCA006-4D0B-4bbd-9170-C73789653863}"	""	"KlBinnenverlichtingstoestelSoortLamp"	"{C7CB2163-42A8-4257-9FF5-F2FC1B565458}"	""	""	""	""	""	"TODO"	""	""	"true"	"https://wegenenverkeer-test.data.vlaanderen.be/ns/onderdeel/KlBinnenverlichtingstoestelSoortLamp/"	"https://wegenenverkeer-test.data.vlaanderen.be/ns/onderdeel/KlBinnenverlichtingstoestelSoortLamp/spaarlamp"	"http://www.w3.org/2004/02/skos/core#Concept"	""	""	""	""	""
"attribute"	"OSLO-Onderdeel"	"gloeilamp"	"{7945DA39-E1EC-4480-A416-3F8B833EE998}"	""	"KlBinnenverlichtingstoestelSoortLamp"	"{C7CB2163-42A8-4257-9FF5-F2FC1B565458}"	""	""	""	""	""	"TODO"	""	""	"true"	"https://wegenenverkeer-test.data.vlaanderen.be/ns/onderdeel/KlBinnenverlichtingstoestelSoortLamp/"	"https://wegenenverkeer-test.data.vlaanderen.be/ns/onderdeel/KlBinnenverlichtingstoestelSoortLamp/gloeilamp"	"http://www.w3.org/2004/02/skos/core#Concept"	""	""	""	""	""
"attribute"	"OSLO-Onderdeel"	"halogeen"	"{0676BB3D-E612-4575-BA85-6D549E5BED7A}"	""	"KlBinnenverlichtingstoestelSoortLamp"	"{C7CB2163-42A8-4257-9FF5-F2FC1B565458}"	""	""	""	""	""	"TODO"	""	""	"true"	"https://wegenenverkeer-test.data.vlaanderen.be/ns/onderdeel/KlBinnenverlichtingstoestelSoortLamp/"	"https://wegenenverkeer-test.data.vlaanderen.be/ns/onderdeel/KlBinnenverlichtingstoestelSoortLamp/halogeen"	"http://www.w3.org/2004/02/skos/core#Concept"	""	""	""	""	""
